      Logging screen output to file "steppingstones.log"

      Executing file "alignment_and_trees.nexus"...

   UNIX line termination
   Longest line length = 2726
   Parsing file
   Expecting NEXUS formatted file
   Reading data block
      Allocated taxon set
      Allocated matrix
      Defining new matrix with 23 taxa and 2698 characters
      Data is Standard
      Gaps coded as -
      Missing data coded as ?
      Taxon  1 -> _A_Gu_Ms_0807
      Taxon  2 -> _CH_ROM_Ms_liturg_FiD_5
      Taxon  3 -> _D_B_Ms_mus_40078
      Taxon  4 -> _D_HEu_Cod_Sal_X_007
      Taxon  5 -> _D_KNd_Ms_1001b
      Taxon  6 -> _D_LEu_Ms_Thomas_391
      Taxon  7 -> _F_CA_Ms_0061_62
      Taxon  8 -> _F_G_Ms_0084_Ms_395_Res
      Taxon  9 -> _F_NS_Ms_0004
      Taxon 10 -> _F_PR_Ms_0012
      Taxon 11 -> _F_Pa_Ms_0197
      Taxon 12 -> _F_Pn_Ms_Lat_00833
      Taxon 13 -> _F_Pn_Ms_Lat_17307
      Taxon 14 -> _F_Pn_NAL_01235
      Taxon 15 -> _F_Pn_NAL_01414
      Taxon 16 -> _F_SEm_Ms_018
      Taxon 17 -> _I_BGc_MA_150_Psi_III_8
      Taxon 18 -> _I_BGc_MA_239_Gamma_III_18
      Taxon 19 -> _NL_Uu_Hs_0415
      Taxon 20 -> _PL_WRu_I_F_414
      Taxon 21 -> _PL_WRu_I_F_416
      Taxon 22 -> _PL_Wn_rps_12722_V
      Taxon 23 -> _V_CVbav_Ross_0076
      Successfully read matrix
      Setting default partition (does not divide up characters)
      Setting model defaults
      Seed (for generating default start values) = 1752589802
      WARNING: There are 2459 characters incompatible with the specified
               coding bias. These characters will be excluded.
      Setting output file names to "alignment_and_trees.nexus.run<i>.<p|t>"
   Exiting data block
   Reading trees block
      Successfully read tree 'tree0'
      Successfully read tree 'tree1'
      Successfully read tree 'tree2'
      Successfully read tree 'tree3'
      Successfully read tree 'tree4'
      Successfully read tree 'tree5'
      Successfully read tree 'tree6'
      Successfully read tree 'tree7'
      Successfully read tree 'tree8'
      Successfully read tree 'tree9'
      Successfully read tree 'tree10'
      Successfully read tree 'tree11'
      Successfully read tree 'tree12'
      Successfully read tree 'tree13'
      Successfully read tree 'tree14'
      Successfully read tree 'tree15'
      Successfully read tree 'tree16'
      Successfully read tree 'tree17'
      Successfully read tree 'tree18'
      Successfully read tree 'tree19'
      Successfully read tree 'tree20'
      Successfully read tree 'tree21'
      Successfully read tree 'tree22'
      Successfully read tree 'tree23'
      Successfully read tree 'tree24'
      Successfully read tree 'tree25'
      Successfully read tree 'tree26'
      Successfully read tree 'tree27'
      Successfully read tree 'tree28'
      Successfully read tree 'tree29'
      Successfully read tree 'tree30'
      Successfully read tree 'tree31'
      Successfully read tree 'tree32'
      Successfully read tree 'tree33'
      Successfully read tree 'tree34'
      Successfully read tree 'tree35'
      Successfully read tree 'tree36'
      Successfully read tree 'tree37'
      Successfully read tree 'tree38'
      Successfully read tree 'tree39'
      Successfully read tree 'tree40'
      Successfully read tree 'tree41'
      Successfully read tree 'tree42'
   Exiting trees block
   Reached end of file

   Returning execution to calling file ...

      Setting autoclose to yes
      Showing taxon status:

        Number of taxa        = 23 (all of which are included)
        Number of constraints = 0

        Taxon                               Inclusion   
      -----------------------------------------------
    ->   1 (_A_Gu_Ms_0807)               -- Included    
         2 (_CH_ROM_Ms_liturg_FiD_5)     -- Included    
         3 (_D_B_Ms_mus_40078)           -- Included    
         4 (_D_HEu_Cod_Sal_X_007)        -- Included    
         5 (_D_KNd_Ms_1001b)             -- Included    
         6 (_D_LEu_Ms_Thomas_391)        -- Included    
         7 (_F_CA_Ms_0061_62)            -- Included    
         8 (_F_G_Ms_0084_Ms_395_Res)     -- Included    
         9 (_F_NS_Ms_0004)               -- Included    
        10 (_F_PR_Ms_0012)               -- Included    
        11 (_F_Pa_Ms_0197)               -- Included    
        12 (_F_Pn_Ms_Lat_00833)          -- Included    
        13 (_F_Pn_Ms_Lat_17307)          -- Included    
        14 (_F_Pn_NAL_01235)             -- Included    
        15 (_F_Pn_NAL_01414)             -- Included    
        16 (_F_SEm_Ms_018)               -- Included    
        17 (_I_BGc_MA_150_Psi_III_8)     -- Included    
        18 (_I_BGc_MA_239_Gamma_III_18)  -- Included    
        19 (_NL_Uu_Hs_0415)              -- Included    
        20 (_PL_WRu_I_F_414)             -- Included    
        21 (_PL_WRu_I_F_416)             -- Included    
        22 (_PL_Wn_rps_12722_V)          -- Included    
        23 (_V_CVbav_Ross_0076)          -- Included    

      '.' indicate that the taxon is not present in the constraint. 
      '*' indicate that the taxon is present in the 'hard' constraint. 
      '+' indicate that the taxon is present in the first groupe of 'partial' constraint. 
      '-' indicate that the taxon is present in the second groupe of 'partial' constraint. 
      '#' indicate that the taxon is present in the 'negative' constraint. 
      Arrow indicates current outgroup. 
      Defining charset called 'adorate'
      Defining charset called 'audivit'
      Defining charset called 'circumd'
      Defining charset called 'confess'
      Defining charset called 'deusinn'
      Defining charset called 'dumclam'
      Defining charset called 'dumsanc'
      Defining charset called 'estomih'
      Defining charset called 'exaudid'
      Defining charset called 'exsurge'
      Defining charset called 'facmecu'
      Defining charset called 'invocab'
      Defining charset called 'judicam'
      Defining charset called 'laetare'
      Defining charset called 'lexdomi'
      Defining charset called 'meditat'
      Defining charset called 'miserer'
      Defining charset called 'redimem'
      Defining charset called 'tibidix'
      Defining charset called 'verbame'
      Defining partition called 'chants'
      Setting chants as the partition, dividing characters into 20 parts.
      Setting model defaults
      Seed (for generating default start values) = 1806471378
      WARNING: There are 95 characters incompatible with the specified
               coding bias. These characters will be excluded.
      WARNING: There are 66 characters incompatible with the specified
               coding bias. These characters will be excluded.
      WARNING: There are 175 characters incompatible with the specified
               coding bias. These characters will be excluded.
      WARNING: There are 93 characters incompatible with the specified
               coding bias. These characters will be excluded.
      WARNING: There are 104 characters incompatible with the specified
               coding bias. These characters will be excluded.
      WARNING: There are 183 characters incompatible with the specified
               coding bias. These characters will be excluded.
      WARNING: There are 166 characters incompatible with the specified
               coding bias. These characters will be excluded.
      WARNING: There are 116 characters incompatible with the specified
               coding bias. These characters will be excluded.
      WARNING: There are 98 characters incompatible with the specified
               coding bias. These characters will be excluded.
      WARNING: There are 201 characters incompatible with the specified
               coding bias. These characters will be excluded.
      WARNING: There are 97 characters incompatible with the specified
               coding bias. These characters will be excluded.
      WARNING: There are 114 characters incompatible with the specified
               coding bias. These characters will be excluded.
      WARNING: There are 144 characters incompatible with the specified
               coding bias. These characters will be excluded.
      WARNING: There are 199 characters incompatible with the specified
               coding bias. These characters will be excluded.
      WARNING: There are 91 characters incompatible with the specified
               coding bias. These characters will be excluded.
      WARNING: There are 58 characters incompatible with the specified
               coding bias. These characters will be excluded.
      WARNING: There are 184 characters incompatible with the specified
               coding bias. These characters will be excluded.
      WARNING: There are 79 characters incompatible with the specified
               coding bias. These characters will be excluded.
      WARNING: There are 82 characters incompatible with the specified
               coding bias. These characters will be excluded.
      WARNING: There are 114 characters incompatible with the specified
               coding bias. These characters will be excluded.
      Enabling Coding All for partition 1
      Enabling Coding All for partition 2
      Enabling Coding All for partition 3
      Enabling Coding All for partition 4
      Enabling Coding All for partition 5
      Enabling Coding All for partition 6
      Enabling Coding All for partition 7
      Enabling Coding All for partition 8
      Enabling Coding All for partition 9
      Enabling Coding All for partition 10
      Enabling Coding All for partition 11
      Enabling Coding All for partition 12
      Enabling Coding All for partition 13
      Enabling Coding All for partition 14
      Enabling Coding All for partition 15
      Enabling Coding All for partition 16
      Enabling Coding All for partition 17
      Enabling Coding All for partition 18
      Enabling Coding All for partition 19
      Enabling Coding All for partition 20
      Successfully set likelihood model parameters to all
         applicable data partitions 
      Setting Ratepr to Variable [Dirichlet(..,1,..)] for partition 1
      Setting Ratepr to Variable [Dirichlet(..,1,..)] for partition 2
      Setting Ratepr to Variable [Dirichlet(..,1,..)] for partition 3
      Setting Ratepr to Variable [Dirichlet(..,1,..)] for partition 4
      Setting Ratepr to Variable [Dirichlet(..,1,..)] for partition 5
      Setting Ratepr to Variable [Dirichlet(..,1,..)] for partition 6
      Setting Ratepr to Variable [Dirichlet(..,1,..)] for partition 7
      Setting Ratepr to Variable [Dirichlet(..,1,..)] for partition 8
      Setting Ratepr to Variable [Dirichlet(..,1,..)] for partition 9
      Setting Ratepr to Variable [Dirichlet(..,1,..)] for partition 10
      Setting Ratepr to Variable [Dirichlet(..,1,..)] for partition 11
      Setting Ratepr to Variable [Dirichlet(..,1,..)] for partition 12
      Setting Ratepr to Variable [Dirichlet(..,1,..)] for partition 13
      Setting Ratepr to Variable [Dirichlet(..,1,..)] for partition 14
      Setting Ratepr to Variable [Dirichlet(..,1,..)] for partition 15
      Setting Ratepr to Variable [Dirichlet(..,1,..)] for partition 16
      Setting Ratepr to Variable [Dirichlet(..,1,..)] for partition 17
      Setting Ratepr to Variable [Dirichlet(..,1,..)] for partition 18
      Setting Ratepr to Variable [Dirichlet(..,1,..)] for partition 19
      Setting Ratepr to Variable [Dirichlet(..,1,..)] for partition 20
      Successfully set prior model parameters to all
      applicable data partitions 
      Setting Brlenspr to Unconstrained:GammaDir(1.00,2.7600,1.00,1.00) for partition 1
      Setting Brlenspr to Unconstrained:GammaDir(1.00,2.7600,1.00,1.00) for partition 2
      Setting Brlenspr to Unconstrained:GammaDir(1.00,2.7600,1.00,1.00) for partition 3
      Setting Brlenspr to Unconstrained:GammaDir(1.00,2.7600,1.00,1.00) for partition 4
      Setting Brlenspr to Unconstrained:GammaDir(1.00,2.7600,1.00,1.00) for partition 5
      Setting Brlenspr to Unconstrained:GammaDir(1.00,2.7600,1.00,1.00) for partition 6
      Setting Brlenspr to Unconstrained:GammaDir(1.00,2.7600,1.00,1.00) for partition 7
      Setting Brlenspr to Unconstrained:GammaDir(1.00,2.7600,1.00,1.00) for partition 8
      Setting Brlenspr to Unconstrained:GammaDir(1.00,2.7600,1.00,1.00) for partition 9
      Setting Brlenspr to Unconstrained:GammaDir(1.00,2.7600,1.00,1.00) for partition 10
      Setting Brlenspr to Unconstrained:GammaDir(1.00,2.7600,1.00,1.00) for partition 11
      Setting Brlenspr to Unconstrained:GammaDir(1.00,2.7600,1.00,1.00) for partition 12
      Setting Brlenspr to Unconstrained:GammaDir(1.00,2.7600,1.00,1.00) for partition 13
      Setting Brlenspr to Unconstrained:GammaDir(1.00,2.7600,1.00,1.00) for partition 14
      Setting Brlenspr to Unconstrained:GammaDir(1.00,2.7600,1.00,1.00) for partition 15
      Setting Brlenspr to Unconstrained:GammaDir(1.00,2.7600,1.00,1.00) for partition 16
      Setting Brlenspr to Unconstrained:GammaDir(1.00,2.7600,1.00,1.00) for partition 17
      Setting Brlenspr to Unconstrained:GammaDir(1.00,2.7600,1.00,1.00) for partition 18
      Setting Brlenspr to Unconstrained:GammaDir(1.00,2.7600,1.00,1.00) for partition 19
      Setting Brlenspr to Unconstrained:GammaDir(1.00,2.7600,1.00,1.00) for partition 20
      Successfully set prior model parameters to all
      applicable data partitions 
      Setting age of taxon '_CH_ROM_Ms_liturg_FiD_5' to Uniform(725.00,824.00)
      Setting age of taxon '_D_HEu_Cod_Sal_X_007' to Uniform(725.00,824.00)
      Setting age of taxon '_F_Pn_NAL_01414' to Uniform(825.00,924.00)
      Setting age of taxon '_PL_WRu_I_F_414' to Uniform(725.00,824.00)
      Setting age of taxon '_PL_WRu_I_F_416' to Uniform(625.00,724.00)
      Setting age of taxon '_D_KNd_Ms_1001b' to Fixed(725.00)
      Setting age of taxon '_D_LEu_Ms_Thomas_391' to Uniform(725.00,824.00)
      Setting age of taxon '_F_Pa_Ms_0197' to Uniform(727.00,754.00)
      Setting age of taxon '_F_G_Ms_0084_Ms_395_Res' to Uniform(825.00,924.00)
      Setting age of taxon '_F_Pn_Ms_Lat_00833' to Uniform(824.00,849.00)
      Setting age of taxon '_PL_Wn_rps_12722_V' to Uniform(625.00,724.00)
      Setting age of taxon '_F_Pn_Ms_Lat_17307' to Uniform(825.00,924.00)
      Setting age of taxon '_F_SEm_Ms_018' to Uniform(725.00,824.00)
      Setting age of taxon '_A_Gu_Ms_0807' to Uniform(825.00,924.00)
      Setting age of taxon '_F_PR_Ms_0012' to Uniform(725.00,824.00)
      Setting age of taxon '_F_Pn_NAL_01235' to Uniform(825.00,924.00)
      Setting age of taxon '_F_NS_Ms_0004' to Uniform(825.00,924.00)
      Setting age of taxon '_F_CA_Ms_0061_62' to Uniform(858.00,891.00)
      Setting age of taxon '_I_BGc_MA_150_Psi_III_8' to Uniform(825.00,924.00)
      Setting age of taxon '_I_BGc_MA_239_Gamma_III_18' to Uniform(924.00,933.00)
      Setting age of taxon '_NL_Uu_Hs_0415' to Uniform(525.00,624.00)
      Setting age of taxon '_V_CVbav_Ross_0076' to Uniform(725.00,824.00)
      Setting age of taxon '_D_B_Ms_mus_40078' to Uniform(825.00,924.00)
      Setting Brlenspr to Clock:Fossilization for partition 1
      Setting Brlenspr to Clock:Fossilization for partition 2
      Setting Brlenspr to Clock:Fossilization for partition 3
      Setting Brlenspr to Clock:Fossilization for partition 4
      Setting Brlenspr to Clock:Fossilization for partition 5
      Setting Brlenspr to Clock:Fossilization for partition 6
      Setting Brlenspr to Clock:Fossilization for partition 7
      Setting Brlenspr to Clock:Fossilization for partition 8
      Setting Brlenspr to Clock:Fossilization for partition 9
      Setting Brlenspr to Clock:Fossilization for partition 10
      Setting Brlenspr to Clock:Fossilization for partition 11
      Setting Brlenspr to Clock:Fossilization for partition 12
      Setting Brlenspr to Clock:Fossilization for partition 13
      Setting Brlenspr to Clock:Fossilization for partition 14
      Setting Brlenspr to Clock:Fossilization for partition 15
      Setting Brlenspr to Clock:Fossilization for partition 16
      Setting Brlenspr to Clock:Fossilization for partition 17
      Setting Brlenspr to Clock:Fossilization for partition 18
      Setting Brlenspr to Clock:Fossilization for partition 19
      Setting Brlenspr to Clock:Fossilization for partition 20
      Setting Clockvarpr to TK02 for partition 1
      Setting Clockvarpr to TK02 for partition 2
      Setting Clockvarpr to TK02 for partition 3
      Setting Clockvarpr to TK02 for partition 4
      Setting Clockvarpr to TK02 for partition 5
      Setting Clockvarpr to TK02 for partition 6
      Setting Clockvarpr to TK02 for partition 7
      Setting Clockvarpr to TK02 for partition 8
      Setting Clockvarpr to TK02 for partition 9
      Setting Clockvarpr to TK02 for partition 10
      Setting Clockvarpr to TK02 for partition 11
      Setting Clockvarpr to TK02 for partition 12
      Setting Clockvarpr to TK02 for partition 13
      Setting Clockvarpr to TK02 for partition 14
      Setting Clockvarpr to TK02 for partition 15
      Setting Clockvarpr to TK02 for partition 16
      Setting Clockvarpr to TK02 for partition 17
      Setting Clockvarpr to TK02 for partition 18
      Setting Clockvarpr to TK02 for partition 19
      Setting Clockvarpr to TK02 for partition 20
      Setting TK02varpr to Exponential(2.00) for partition 1
      Setting TK02varpr to Exponential(2.00) for partition 2
      Setting TK02varpr to Exponential(2.00) for partition 3
      Setting TK02varpr to Exponential(2.00) for partition 4
      Setting TK02varpr to Exponential(2.00) for partition 5
      Setting TK02varpr to Exponential(2.00) for partition 6
      Setting TK02varpr to Exponential(2.00) for partition 7
      Setting TK02varpr to Exponential(2.00) for partition 8
      Setting TK02varpr to Exponential(2.00) for partition 9
      Setting TK02varpr to Exponential(2.00) for partition 10
      Setting TK02varpr to Exponential(2.00) for partition 11
      Setting TK02varpr to Exponential(2.00) for partition 12
      Setting TK02varpr to Exponential(2.00) for partition 13
      Setting TK02varpr to Exponential(2.00) for partition 14
      Setting TK02varpr to Exponential(2.00) for partition 15
      Setting TK02varpr to Exponential(2.00) for partition 16
      Setting TK02varpr to Exponential(2.00) for partition 17
      Setting TK02varpr to Exponential(2.00) for partition 18
      Setting TK02varpr to Exponential(2.00) for partition 19
      Setting TK02varpr to Exponential(2.00) for partition 20
      Setting Clockratepr to Exponential(5.00)
      Setting Clockratepr to Exponential(5.00)
      Setting Clockratepr to Exponential(5.00)
      Setting Clockratepr to Exponential(5.00)
      Setting Clockratepr to Exponential(5.00)
      Setting Clockratepr to Exponential(5.00)
      Setting Clockratepr to Exponential(5.00)
      Setting Clockratepr to Exponential(5.00)
      Setting Clockratepr to Exponential(5.00)
      Setting Clockratepr to Exponential(5.00)
      Setting Clockratepr to Exponential(5.00)
      Setting Clockratepr to Exponential(5.00)
      Setting Clockratepr to Exponential(5.00)
      Setting Clockratepr to Exponential(5.00)
      Setting Clockratepr to Exponential(5.00)
      Setting Clockratepr to Exponential(5.00)
      Setting Clockratepr to Exponential(5.00)
      Setting Clockratepr to Exponential(5.00)
      Setting Clockratepr to Exponential(5.00)
      Setting Clockratepr to Exponential(5.00)
      Setting Topologypr to Fixed for partition 1
      Setting Topologypr to Fixed for partition 2
      Setting Topologypr to Fixed for partition 3
      Setting Topologypr to Fixed for partition 4
      Setting Topologypr to Fixed for partition 5
      Setting Topologypr to Fixed for partition 6
      Setting Topologypr to Fixed for partition 7
      Setting Topologypr to Fixed for partition 8
      Setting Topologypr to Fixed for partition 9
      Setting Topologypr to Fixed for partition 10
      Setting Topologypr to Fixed for partition 11
      Setting Topologypr to Fixed for partition 12
      Setting Topologypr to Fixed for partition 13
      Setting Topologypr to Fixed for partition 14
      Setting Topologypr to Fixed for partition 15
      Setting Topologypr to Fixed for partition 16
      Setting Topologypr to Fixed for partition 17
      Setting Topologypr to Fixed for partition 18
      Setting Topologypr to Fixed for partition 19
      Setting Topologypr to Fixed for partition 20
      Setting Treeagepr to Uniform(1124.00,1324.00)
      Setting Treeagepr to Uniform(1124.00,1324.00)
      Setting Treeagepr to Uniform(1124.00,1324.00)
      Setting Treeagepr to Uniform(1124.00,1324.00)
      Setting Treeagepr to Uniform(1124.00,1324.00)
      Setting Treeagepr to Uniform(1124.00,1324.00)
      Setting Treeagepr to Uniform(1124.00,1324.00)
      Setting Treeagepr to Uniform(1124.00,1324.00)
      Setting Treeagepr to Uniform(1124.00,1324.00)
      Setting Treeagepr to Uniform(1124.00,1324.00)
      Setting Treeagepr to Uniform(1124.00,1324.00)
      Setting Treeagepr to Uniform(1124.00,1324.00)
      Setting Treeagepr to Uniform(1124.00,1324.00)
      Setting Treeagepr to Uniform(1124.00,1324.00)
      Setting Treeagepr to Uniform(1124.00,1324.00)
      Setting Treeagepr to Uniform(1124.00,1324.00)
      Setting Treeagepr to Uniform(1124.00,1324.00)
      Setting Treeagepr to Uniform(1124.00,1324.00)
      Setting Treeagepr to Uniform(1124.00,1324.00)
      Setting Treeagepr to Uniform(1124.00,1324.00)
      Setting Sampleprob to 0.00000000 for partition 1
      Setting Sampleprob to 0.00000000 for partition 2
      Setting Sampleprob to 0.00000000 for partition 3
      Setting Sampleprob to 0.00000000 for partition 4
      Setting Sampleprob to 0.00000000 for partition 5
      Setting Sampleprob to 0.00000000 for partition 6
      Setting Sampleprob to 0.00000000 for partition 7
      Setting Sampleprob to 0.00000000 for partition 8
      Setting Sampleprob to 0.00000000 for partition 9
      Setting Sampleprob to 0.00000000 for partition 10
      Setting Sampleprob to 0.00000000 for partition 11
      Setting Sampleprob to 0.00000000 for partition 12
      Setting Sampleprob to 0.00000000 for partition 13
      Setting Sampleprob to 0.00000000 for partition 14
      Setting Sampleprob to 0.00000000 for partition 15
      Setting Sampleprob to 0.00000000 for partition 16
      Setting Sampleprob to 0.00000000 for partition 17
      Setting Sampleprob to 0.00000000 for partition 18
      Setting Sampleprob to 0.00000000 for partition 19
      Setting Sampleprob to 0.00000000 for partition 20
      Setting SampleStrat to Random for partition 1
      Setting SampleStrat to Random for partition 2
      Setting SampleStrat to Random for partition 3
      Setting SampleStrat to Random for partition 4
      Setting SampleStrat to Random for partition 5
      Setting SampleStrat to Random for partition 6
      Setting SampleStrat to Random for partition 7
      Setting SampleStrat to Random for partition 8
      Setting SampleStrat to Random for partition 9
      Setting SampleStrat to Random for partition 10
      Setting SampleStrat to Random for partition 11
      Setting SampleStrat to Random for partition 12
      Setting SampleStrat to Random for partition 13
      Setting SampleStrat to Random for partition 14
      Setting SampleStrat to Random for partition 15
      Setting SampleStrat to Random for partition 16
      Setting SampleStrat to Random for partition 17
      Setting SampleStrat to Random for partition 18
      Setting SampleStrat to Random for partition 19
      Setting SampleStrat to Random for partition 20
      Setting Nodeagepr to Calibrated for partition 1
      Setting Nodeagepr to Calibrated for partition 2
      Setting Nodeagepr to Calibrated for partition 3
      Setting Nodeagepr to Calibrated for partition 4
      Setting Nodeagepr to Calibrated for partition 5
      Setting Nodeagepr to Calibrated for partition 6
      Setting Nodeagepr to Calibrated for partition 7
      Setting Nodeagepr to Calibrated for partition 8
      Setting Nodeagepr to Calibrated for partition 9
      Setting Nodeagepr to Calibrated for partition 10
      Setting Nodeagepr to Calibrated for partition 11
      Setting Nodeagepr to Calibrated for partition 12
      Setting Nodeagepr to Calibrated for partition 13
      Setting Nodeagepr to Calibrated for partition 14
      Setting Nodeagepr to Calibrated for partition 15
      Setting Nodeagepr to Calibrated for partition 16
      Setting Nodeagepr to Calibrated for partition 17
      Setting Nodeagepr to Calibrated for partition 18
      Setting Nodeagepr to Calibrated for partition 19
      Setting Nodeagepr to Calibrated for partition 20
      Successfully set prior model parameters to all
      applicable data partitions 
      Model settings:

         Settings for partition 1 --
            Datatype  = Standard
            Coding    = All
            # States  = Variable, up to 10
                        State frequencies are fixed to be equal
            Rates     = Equal

         Settings for partition 2 --
            Datatype  = Standard
            Coding    = All
            # States  = Variable, up to 10
                        State frequencies are fixed to be equal
            Rates     = Equal

         Settings for partition 3 --
            Datatype  = Standard
            Coding    = All
            # States  = Variable, up to 10
                        State frequencies are fixed to be equal
            Rates     = Equal

         Settings for partition 4 --
            Datatype  = Standard
            Coding    = All
            # States  = Variable, up to 10
                        State frequencies are fixed to be equal
            Rates     = Equal

         Settings for partition 5 --
            Datatype  = Standard
            Coding    = All
            # States  = Variable, up to 10
                        State frequencies are fixed to be equal
            Rates     = Equal

         Settings for partition 6 --
            Datatype  = Standard
            Coding    = All
            # States  = Variable, up to 10
                        State frequencies are fixed to be equal
            Rates     = Equal

         Settings for partition 7 --
            Datatype  = Standard
            Coding    = All
            # States  = Variable, up to 10
                        State frequencies are fixed to be equal
            Rates     = Equal

         Settings for partition 8 --
            Datatype  = Standard
            Coding    = All
            # States  = Variable, up to 10
                        State frequencies are fixed to be equal
            Rates     = Equal

         Settings for partition 9 --
            Datatype  = Standard
            Coding    = All
            # States  = Variable, up to 10
                        State frequencies are fixed to be equal
            Rates     = Equal

         Settings for partition 10 --
            Datatype  = Standard
            Coding    = All
            # States  = Variable, up to 10
                        State frequencies are fixed to be equal
            Rates     = Equal

         Settings for partition 11 --
            Datatype  = Standard
            Coding    = All
            # States  = Variable, up to 10
                        State frequencies are fixed to be equal
            Rates     = Equal

         Settings for partition 12 --
            Datatype  = Standard
            Coding    = All
            # States  = Variable, up to 10
                        State frequencies are fixed to be equal
            Rates     = Equal

         Settings for partition 13 --
            Datatype  = Standard
            Coding    = All
            # States  = Variable, up to 10
                        State frequencies are fixed to be equal
            Rates     = Equal

         Settings for partition 14 --
            Datatype  = Standard
            Coding    = All
            # States  = Variable, up to 10
                        State frequencies are fixed to be equal
            Rates     = Equal

         Settings for partition 15 --
            Datatype  = Standard
            Coding    = All
            # States  = Variable, up to 10
                        State frequencies are fixed to be equal
            Rates     = Equal

         Settings for partition 16 --
            Datatype  = Standard
            Coding    = All
            # States  = Variable, up to 10
                        State frequencies are fixed to be equal
            Rates     = Equal

         Settings for partition 17 --
            Datatype  = Standard
            Coding    = All
            # States  = Variable, up to 10
                        State frequencies are fixed to be equal
            Rates     = Equal

         Settings for partition 18 --
            Datatype  = Standard
            Coding    = All
            # States  = Variable, up to 10
                        State frequencies are fixed to be equal
            Rates     = Equal

         Settings for partition 19 --
            Datatype  = Standard
            Coding    = All
            # States  = Variable, up to 10
                        State frequencies are fixed to be equal
            Rates     = Equal

         Settings for partition 20 --
            Datatype  = Standard
            Coding    = All
            # States  = Variable, up to 10
                        State frequencies are fixed to be equal
            Rates     = Equal

      Active parameters: 

                             Partition(s)
         Parameters          1  2  3  4  5  6  7  8  9 10 11 12 13 14 15 16 17 18 19 20
         ------------------------------------------------------------------------------
         Statefreq           1  1  1  1  1  1  1  1  1  1  1  1  1  1  1  1  1  1  1  1
         Ratemultiplier      2  2  2  2  2  2  2  2  2  2  2  2  2  2  2  2  2  2  2  2
         Topology            3  3  3  3  3  3  3  3  3  3  3  3  3  3  3  3  3  3  3  3
         Brlens              4  4  4  4  4  4  4  4  4  4  4  4  4  4  4  4  4  4  4  4
         Speciationrate      5  5  5  5  5  5  5  5  5  5  5  5  5  5  5  5  5  5  5  5
         Extinctionrate      6  6  6  6  6  6  6  6  6  6  6  6  6  6  6  6  6  6  6  6
         Fossilizationrate   7  7  7  7  7  7  7  7  7  7  7  7  7  7  7  7  7  7  7  7
         TK02var             8  8  8  8  8  8  8  8  8  8  8  8  8  8  8  8  8  8  8  8
         TK02branchrates     9  9  9  9  9  9  9  9  9  9  9  9  9  9  9  9  9  9  9  9
         Clockrate          10 10 10 10 10 10 10 10 10 10 10 10 10 10 10 10 10 10 10 10
         ------------------------------------------------------------------------------

         Parameters can be linked or unlinked across partitions using 'link' and 'unlink'

         1 --  Parameter  = Alpha_symdir{all}
               Type       = Symmetric diricihlet/beta distribution alpha_i parameter
               Prior      = Symmetric dirichlet with all parameters equal to infinity
               Partitions = All

         2 --  Parameter  = Ratemultiplier{all}
               Type       = Partition-specific rate multiplier
               Prior      = Dirichlet(1.00,1.00,1.00,1.00,1.00,1.00,1.00,1.00,1.00,1.00,1.00,1.00,1.00,1.00,1.00,1.00,1.00,1.00,1.00,1.00)
               Partitions = All

         3 --  Parameter  = Tau{all}
               Type       = Topology
               Prior      = Prior is fixed to the topology of user tree 'tree5'
               Partitions = All
               Subparam.  = V{all}

         4 --  Parameter  = V{all}
               Type       = Branch lengths
               Prior      = Clock:Fossilization
                            Node depths are constrained by the following age constraints:
                            -- The age of terminal "_A_Gu_Ms_0807" is Uniform(825.00,924.00)
                            -- The age of terminal "_CH_ROM_Ms_liturg_FiD_5" is Uniform(725.00,824.00)
                            -- The age of terminal "_D_B_Ms_mus_40078" is Uniform(825.00,924.00)
                            -- The age of terminal "_D_HEu_Cod_Sal_X_007" is Uniform(725.00,824.00)
                            -- The age of terminal "_D_KNd_Ms_1001b" is Fixed(725.00)
                            -- The age of terminal "_D_LEu_Ms_Thomas_391" is Uniform(725.00,824.00)
                            -- The age of terminal "_F_CA_Ms_0061_62" is Uniform(858.00,891.00)
                            -- The age of terminal "_F_G_Ms_0084_Ms_395_Res" is Uniform(825.00,924.00)
                            -- The age of terminal "_F_NS_Ms_0004" is Uniform(825.00,924.00)
                            -- The age of terminal "_F_PR_Ms_0012" is Uniform(725.00,824.00)
                            -- The age of terminal "_F_Pa_Ms_0197" is Uniform(727.00,754.00)
                            -- The age of terminal "_F_Pn_Ms_Lat_00833" is Uniform(824.00,849.00)
                            -- The age of terminal "_F_Pn_Ms_Lat_17307" is Uniform(825.00,924.00)
                            -- The age of terminal "_F_Pn_NAL_01235" is Uniform(825.00,924.00)
                            -- The age of terminal "_F_Pn_NAL_01414" is Uniform(825.00,924.00)
                            -- The age of terminal "_F_SEm_Ms_018" is Uniform(725.00,824.00)
                            -- The age of terminal "_I_BGc_MA_150_Psi_III_8" is Uniform(825.00,924.00)
                            -- The age of terminal "_I_BGc_MA_239_Gamma_III_18" is Uniform(924.00,933.00)
                            -- The age of terminal "_NL_Uu_Hs_0415" is Uniform(525.00,624.00)
                            -- The age of terminal "_PL_WRu_I_F_414" is Uniform(725.00,824.00)
                            -- The age of terminal "_PL_WRu_I_F_416" is Uniform(625.00,724.00)
                            -- The age of terminal "_PL_Wn_rps_12722_V" is Uniform(625.00,724.00)
                            -- The age of terminal "_V_CVbav_Ross_0076" is Uniform(725.00,824.00)
                            -- Tree age has a Uniform(1124.00,1324.00) distribution
               Partitions = All
               Subparam.  = TK02Brlens{all}

         5 --  Parameter  = Net_speciation{all}
               Type       = Speciation rate
               Prior      = Exponential(10.00)
               Partitions = All

         6 --  Parameter  = Relative_extinction{all}
               Type       = Extinction rate
               Prior      = Beta(1.00,1.00)
               Partitions = All

         7 --  Parameter  = Relative_fossilization{all}
               Type       = Fossilization rate
               Prior      = Beta(1.00,1.00)
               Partitions = All

         8 --  Parameter  = TK02var{all}
               Type       = Variance of lognormal distribution of branch rates
               Prior      = Exponential(2.00)
               Partitions = All
               Subparam.  = TK02Brlens{all}

         9 --  Parameter  = TK02Brlens{all}
               Type       = Branch rates of TK02 relaxed clock
               Prior      = LogNormal (expectation = r_0, variance = TK02var{all} * v) 
                               [r_0 is beginning rate of branch, v is branch length]
               Partitions = All

        10 --  Parameter  = Clockrate{all}
               Type       = Base rate of clock
               Prior      = Exponential(5.00)
                            The clock rate varies according to a Brownian motion model
               Partitions = All

      Running with data (standard analysis)
      WARNING: Reallocation of zero size attempted. This is probably a bug. Problems may follow.
      WARNING: Reallocation of zero size attempted. This is probably a bug. Problems may follow.
      WARNING: Reallocation of zero size attempted. This is probably a bug. Problems may follow.
      Setting number of runs to 5
      Setting number of generations to 1000000
      Setting number of chains to 4
      Setting sample frequency to 100
      Setting print frequency to 1000
      Setting chain output file names to "alignment_and_trees.nexus.run<i>.<p/t>"
      Successfully set chain parameters
      Running Markov chain
      MCMC stamp = 4008106744
      Seed = 86099107
      Swapseed = 1752589802
      Model settings:

         Settings for partition 1 --
            Datatype  = Standard
            Coding    = All
            # States  = Variable, up to 10
                        State frequencies are fixed to be equal
            Rates     = Equal

         Settings for partition 2 --
            Datatype  = Standard
            Coding    = All
            # States  = Variable, up to 10
                        State frequencies are fixed to be equal
            Rates     = Equal

         Settings for partition 3 --
            Datatype  = Standard
            Coding    = All
            # States  = Variable, up to 10
                        State frequencies are fixed to be equal
            Rates     = Equal

         Settings for partition 4 --
            Datatype  = Standard
            Coding    = All
            # States  = Variable, up to 10
                        State frequencies are fixed to be equal
            Rates     = Equal

         Settings for partition 5 --
            Datatype  = Standard
            Coding    = All
            # States  = Variable, up to 10
                        State frequencies are fixed to be equal
            Rates     = Equal

         Settings for partition 6 --
            Datatype  = Standard
            Coding    = All
            # States  = Variable, up to 10
                        State frequencies are fixed to be equal
            Rates     = Equal

         Settings for partition 7 --
            Datatype  = Standard
            Coding    = All
            # States  = Variable, up to 10
                        State frequencies are fixed to be equal
            Rates     = Equal

         Settings for partition 8 --
            Datatype  = Standard
            Coding    = All
            # States  = Variable, up to 10
                        State frequencies are fixed to be equal
            Rates     = Equal

         Settings for partition 9 --
            Datatype  = Standard
            Coding    = All
            # States  = Variable, up to 10
                        State frequencies are fixed to be equal
            Rates     = Equal

         Settings for partition 10 --
            Datatype  = Standard
            Coding    = All
            # States  = Variable, up to 10
                        State frequencies are fixed to be equal
            Rates     = Equal

         Settings for partition 11 --
            Datatype  = Standard
            Coding    = All
            # States  = Variable, up to 10
                        State frequencies are fixed to be equal
            Rates     = Equal

         Settings for partition 12 --
            Datatype  = Standard
            Coding    = All
            # States  = Variable, up to 10
                        State frequencies are fixed to be equal
            Rates     = Equal

         Settings for partition 13 --
            Datatype  = Standard
            Coding    = All
            # States  = Variable, up to 10
                        State frequencies are fixed to be equal
            Rates     = Equal

         Settings for partition 14 --
            Datatype  = Standard
            Coding    = All
            # States  = Variable, up to 10
                        State frequencies are fixed to be equal
            Rates     = Equal

         Settings for partition 15 --
            Datatype  = Standard
            Coding    = All
            # States  = Variable, up to 10
                        State frequencies are fixed to be equal
            Rates     = Equal

         Settings for partition 16 --
            Datatype  = Standard
            Coding    = All
            # States  = Variable, up to 10
                        State frequencies are fixed to be equal
            Rates     = Equal

         Settings for partition 17 --
            Datatype  = Standard
            Coding    = All
            # States  = Variable, up to 10
                        State frequencies are fixed to be equal
            Rates     = Equal

         Settings for partition 18 --
            Datatype  = Standard
            Coding    = All
            # States  = Variable, up to 10
                        State frequencies are fixed to be equal
            Rates     = Equal

         Settings for partition 19 --
            Datatype  = Standard
            Coding    = All
            # States  = Variable, up to 10
                        State frequencies are fixed to be equal
            Rates     = Equal

         Settings for partition 20 --
            Datatype  = Standard
            Coding    = All
            # States  = Variable, up to 10
                        State frequencies are fixed to be equal
            Rates     = Equal

      Active parameters: 

                             Partition(s)
         Parameters          1  2  3  4  5  6  7  8  9 10 11 12 13 14 15 16 17 18 19 20
         ------------------------------------------------------------------------------
         Statefreq           1  1  1  1  1  1  1  1  1  1  1  1  1  1  1  1  1  1  1  1
         Ratemultiplier      2  2  2  2  2  2  2  2  2  2  2  2  2  2  2  2  2  2  2  2
         Topology            3  3  3  3  3  3  3  3  3  3  3  3  3  3  3  3  3  3  3  3
         Brlens              4  4  4  4  4  4  4  4  4  4  4  4  4  4  4  4  4  4  4  4
         Speciationrate      5  5  5  5  5  5  5  5  5  5  5  5  5  5  5  5  5  5  5  5
         Extinctionrate      6  6  6  6  6  6  6  6  6  6  6  6  6  6  6  6  6  6  6  6
         Fossilizationrate   7  7  7  7  7  7  7  7  7  7  7  7  7  7  7  7  7  7  7  7
         TK02var             8  8  8  8  8  8  8  8  8  8  8  8  8  8  8  8  8  8  8  8
         TK02branchrates     9  9  9  9  9  9  9  9  9  9  9  9  9  9  9  9  9  9  9  9
         Clockrate          10 10 10 10 10 10 10 10 10 10 10 10 10 10 10 10 10 10 10 10
         ------------------------------------------------------------------------------

         Parameters can be linked or unlinked across partitions using 'link' and 'unlink'

         1 --  Parameter  = Alpha_symdir{all}
               Type       = Symmetric diricihlet/beta distribution alpha_i parameter
               Prior      = Symmetric dirichlet with all parameters equal to infinity
               Partitions = All

         2 --  Parameter  = Ratemultiplier{all}
               Type       = Partition-specific rate multiplier
               Prior      = Dirichlet(1.00,1.00,1.00,1.00,1.00,1.00,1.00,1.00,1.00,1.00,1.00,1.00,1.00,1.00,1.00,1.00,1.00,1.00,1.00,1.00)
               Partitions = All

         3 --  Parameter  = Tau{all}
               Type       = Topology
               Prior      = Prior is fixed to the topology of user tree 'tree5'
               Partitions = All
               Subparam.  = V{all}

         4 --  Parameter  = V{all}
               Type       = Branch lengths
               Prior      = Clock:Fossilization
                            Node depths are constrained by the following age constraints:
                            -- The age of terminal "_A_Gu_Ms_0807" is Uniform(825.00,924.00)
                            -- The age of terminal "_CH_ROM_Ms_liturg_FiD_5" is Uniform(725.00,824.00)
                            -- The age of terminal "_D_B_Ms_mus_40078" is Uniform(825.00,924.00)
                            -- The age of terminal "_D_HEu_Cod_Sal_X_007" is Uniform(725.00,824.00)
                            -- The age of terminal "_D_KNd_Ms_1001b" is Fixed(725.00)
                            -- The age of terminal "_D_LEu_Ms_Thomas_391" is Uniform(725.00,824.00)
                            -- The age of terminal "_F_CA_Ms_0061_62" is Uniform(858.00,891.00)
                            -- The age of terminal "_F_G_Ms_0084_Ms_395_Res" is Uniform(825.00,924.00)
                            -- The age of terminal "_F_NS_Ms_0004" is Uniform(825.00,924.00)
                            -- The age of terminal "_F_PR_Ms_0012" is Uniform(725.00,824.00)
                            -- The age of terminal "_F_Pa_Ms_0197" is Uniform(727.00,754.00)
                            -- The age of terminal "_F_Pn_Ms_Lat_00833" is Uniform(824.00,849.00)
                            -- The age of terminal "_F_Pn_Ms_Lat_17307" is Uniform(825.00,924.00)
                            -- The age of terminal "_F_Pn_NAL_01235" is Uniform(825.00,924.00)
                            -- The age of terminal "_F_Pn_NAL_01414" is Uniform(825.00,924.00)
                            -- The age of terminal "_F_SEm_Ms_018" is Uniform(725.00,824.00)
                            -- The age of terminal "_I_BGc_MA_150_Psi_III_8" is Uniform(825.00,924.00)
                            -- The age of terminal "_I_BGc_MA_239_Gamma_III_18" is Uniform(924.00,933.00)
                            -- The age of terminal "_NL_Uu_Hs_0415" is Uniform(525.00,624.00)
                            -- The age of terminal "_PL_WRu_I_F_414" is Uniform(725.00,824.00)
                            -- The age of terminal "_PL_WRu_I_F_416" is Uniform(625.00,724.00)
                            -- The age of terminal "_PL_Wn_rps_12722_V" is Uniform(625.00,724.00)
                            -- The age of terminal "_V_CVbav_Ross_0076" is Uniform(725.00,824.00)
                            -- Tree age has a Uniform(1124.00,1324.00) distribution
               Partitions = All
               Subparam.  = TK02Brlens{all}

         5 --  Parameter  = Net_speciation{all}
               Type       = Speciation rate
               Prior      = Exponential(10.00)
               Partitions = All

         6 --  Parameter  = Relative_extinction{all}
               Type       = Extinction rate
               Prior      = Beta(1.00,1.00)
               Partitions = All

         7 --  Parameter  = Relative_fossilization{all}
               Type       = Fossilization rate
               Prior      = Beta(1.00,1.00)
               Partitions = All

         8 --  Parameter  = TK02var{all}
               Type       = Variance of lognormal distribution of branch rates
               Prior      = Exponential(2.00)
               Partitions = All
               Subparam.  = TK02Brlens{all}

         9 --  Parameter  = TK02Brlens{all}
               Type       = Branch rates of TK02 relaxed clock
               Prior      = LogNormal (expectation = r_0, variance = TK02var{all} * v) 
                               [r_0 is beginning rate of branch, v is branch length]
               Partitions = All

        10 --  Parameter  = Clockrate{all}
               Type       = Base rate of clock
               Prior      = Exponential(5.00)
                            The clock rate varies according to a Brownian motion model
               Partitions = All


      Number of chains per MPI processor = 1

      The MCMC sampler will use the following moves:
         With prob.  Chain will use move
            0.90 %   Dirichlet(Ratemultiplier{all})
            0.90 %   Slider(Ratemultiplier{all})
           17.96 %   AddBranch(V{all})
           17.96 %   DelBranch(V{all})
           23.95 %   NodesliderClock(V{all})
            3.59 %   TreeStretch(V{all})
            3.59 %   Multiplier(Net_speciation{all})
            3.59 %   Slider(Relative_extinction{all})
            3.59 %   Slider(Relative_fossilization{all})
            2.40 %   Multiplier(TK02var{all})
           17.96 %   Multiplier(TK02Brlens{all})
            3.59 %   Multiplier(Clockrate{all})

      Division 1 has 87 unique site patterns
      Division 2 has 61 unique site patterns
      Division 3 has 108 unique site patterns
      Division 4 has 66 unique site patterns
      Division 5 has 99 unique site patterns
      Division 6 has 119 unique site patterns
      Division 7 has 117 unique site patterns
      Division 8 has 70 unique site patterns
      Division 9 has 54 unique site patterns
      Division 10 has 128 unique site patterns
      Division 11 has 64 unique site patterns
      Division 12 has 60 unique site patterns
      Division 13 has 118 unique site patterns
      Division 14 has 119 unique site patterns
      Division 15 has 63 unique site patterns
      Division 16 has 46 unique site patterns
      Division 17 has 114 unique site patterns
      Division 18 has 72 unique site patterns
      Division 19 has 54 unique site patterns
      Division 20 has 63 unique site patterns
      Initializing conditional likelihoods
      Using standard non-SSE likelihood calculator for division 1 (single-precision)
      Using standard non-SSE likelihood calculator for division 2 (single-precision)
      Using standard non-SSE likelihood calculator for division 3 (single-precision)
      Using standard non-SSE likelihood calculator for division 4 (single-precision)
      Using standard non-SSE likelihood calculator for division 5 (single-precision)
      Using standard non-SSE likelihood calculator for division 6 (single-precision)
      Using standard non-SSE likelihood calculator for division 7 (single-precision)
      Using standard non-SSE likelihood calculator for division 8 (single-precision)
      Using standard non-SSE likelihood calculator for division 9 (single-precision)
      Using standard non-SSE likelihood calculator for division 10 (single-precision)
      Using standard non-SSE likelihood calculator for division 11 (single-precision)
      Using standard non-SSE likelihood calculator for division 12 (single-precision)
      Using standard non-SSE likelihood calculator for division 13 (single-precision)
      Using standard non-SSE likelihood calculator for division 14 (single-precision)
      Using standard non-SSE likelihood calculator for division 15 (single-precision)
      Using standard non-SSE likelihood calculator for division 16 (single-precision)
      Using standard non-SSE likelihood calculator for division 17 (single-precision)
      Using standard non-SSE likelihood calculator for division 18 (single-precision)
      Using standard non-SSE likelihood calculator for division 19 (single-precision)
      Using standard non-SSE likelihood calculator for division 20 (single-precision)

      Initial log likelihoods and log prior probs for run 1:
         Chain 1 -- -32373.551814 -- -4380.923352

      There are 19 more chains on other processor(s)


      Starting stepping-stone sampling to estimate marginal likelihood.         
      50 steps will be used with 19600 generations (196 samples) within each step.  
      Total of 999600 generations (9996 samples) will be collected while first        
      19600 generations (196 samples) will be discarded as initial burnin.          
      Additionally at the beginning of each step 4900 generations (49 samples)     
      will be discarded as burnin.  
      Sampling from posterior to prior, i.e. first step samples from close to 
      posterior.                                                              
      NOTE: Number of generation of each step is reduced to the closest multi-
      ple of sampling frequency. That is why, in total it will be taken 999600    
      generations instead of requested 1000000.                                    


      Chain results (999600 generations requested):

         0 -- [-32373.552] [...19 remote chains...] 
      1000 -- [-25692.224] [...19 remote chains...] -- 0:33:17
      2000 -- [-7779.308] [...19 remote chains...] -- 0:24:56
      3000 -- [-5289.266] [...19 remote chains...] -- 0:22:08
      4000 -- [-5244.336] [...19 remote chains...] -- 0:20:44
      5000 -- [-5200.764] [...19 remote chains...] -- 0:19:53
      6000 -- [-5157.255] [...19 remote chains...] -- 0:19:19
      7000 -- [-5116.861] [...19 remote chains...] -- 0:18:54
      8000 -- [-5080.763] [...19 remote chains...] -- 0:16:31
      9000 -- [-5064.118] [...19 remote chains...] -- 0:16:30
      10000 -- [-5054.780] [...19 remote chains...] -- 0:16:29
      11000 -- [-5028.454] [...19 remote chains...] -- 0:16:28
      12000 -- [-5020.125] [...19 remote chains...] -- 0:16:27
      13000 -- [-5019.175] [...19 remote chains...] -- 0:15:10
      14000 -- [-5012.784] [...19 remote chains...] -- 0:15:15
      15000 -- [-5003.732] [...19 remote chains...] -- 0:15:18
      16000 -- [-4989.802] [...19 remote chains...] -- 0:15:22
      17000 -- [-4966.619] [...19 remote chains...] -- 0:18:18
      18000 -- [-4981.090] [...19 remote chains...] -- 0:20:54
      19000 -- [-4972.745] [...19 remote chains...] -- 0:19:47

      Sampling step 1 out of 50 steps...

      20000 -- [-4975.187] [...19 remote chains...] -- 0:19:35
      21000 -- [-4964.167] [...19 remote chains...] -- 0:19:25
      22000 -- [-4968.994] [...19 remote chains...] -- 0:19:15
      23000 -- [-4975.096] [...19 remote chains...] -- 0:18:23
      24000 -- [-4962.201] [...19 remote chains...] -- 0:18:17
      25000 -- [-4963.562] [...19 remote chains...] -- 0:18:11

      Average standard deviation of split frequencies: 0.000000

      26000 -- [-4961.208] [...19 remote chains...] -- 0:18:05
      27000 -- [-4954.143] [...19 remote chains...] -- 0:17:24
      28000 -- [-4955.832] [...19 remote chains...] -- 0:17:21
      29000 -- [-4948.710] [...19 remote chains...] -- 0:17:17
      30000 -- [-4959.883] [...19 remote chains...] -- 0:16:41

      Average standard deviation of split frequencies: 0.000000

      31000 -- [-4958.499] [...19 remote chains...] -- 0:16:39
      32000 -- [-4955.224] [...19 remote chains...] -- 0:16:37
      33000 -- [-4948.161] [...19 remote chains...] -- 0:17:05
      34000 -- [-4961.034] [...19 remote chains...] -- 0:17:30
      35000 -- [-4956.384] [...19 remote chains...] -- 0:17:54

      Average standard deviation of split frequencies: 0.000000

      36000 -- [-4950.318] [...19 remote chains...] -- 0:17:50
      37000 -- [-4949.301] [...19 remote chains...] -- 0:18:12
      38000 -- [-4948.350] [...19 remote chains...] -- 0:18:08
      39000 -- [-4951.821] [...19 remote chains...] -- 0:18:28

      Average standard deviation of split frequencies: 0.000000

      Sampling step 2 out of 50 steps...

      40000 -- [-4955.171] [...19 remote chains...] -- 0:18:47
      41000 -- [-4962.163] [...19 remote chains...] -- 0:18:42
      42000 -- [-4964.528] [...19 remote chains...] -- 0:19:00
      43000 -- [-4959.067] [...19 remote chains...] -- 0:18:54
      44000 -- [-4956.459] [...19 remote chains...] -- 0:19:11
      45000 -- [-4956.466] [...19 remote chains...] -- 0:19:26

      Average standard deviation of split frequencies: 0.000000

      46000 -- [-4951.950] [...19 remote chains...] -- 0:19:20
      47000 -- [-4955.199] [...19 remote chains...] -- 0:19:35
      48000 -- [-4956.360] [...19 remote chains...] -- 0:19:49
      49000 -- [-4964.078] [...19 remote chains...] -- 0:19:43
      50000 -- [-4969.643] [...19 remote chains...] -- 0:19:56

      Average standard deviation of split frequencies: 0.000000

      51000 -- [-4969.916] [...19 remote chains...] -- 0:20:09
      52000 -- [-4965.166] [...19 remote chains...] -- 0:20:20
      53000 -- [-4947.359] [...19 remote chains...] -- 0:20:14
      54000 -- [-4948.511] [...19 remote chains...] -- 0:20:25
      55000 -- [-4957.572] [...19 remote chains...] -- 0:20:36

      Average standard deviation of split frequencies: 0.000000

      56000 -- [-4940.870] [...19 remote chains...] -- 0:20:30
      57000 -- [-4946.061] [...19 remote chains...] -- 0:20:40
      58000 -- [-4950.844] [...19 remote chains...] -- 0:20:50

      Average standard deviation of split frequencies: 0.000000

      Sampling step 3 out of 50 steps...

      59000 -- [-4950.775] [...19 remote chains...] -- 0:20:43
      60000 -- [-4948.542] [...19 remote chains...] -- 0:20:52
      61000 -- [-4951.816] [...19 remote chains...] -- 0:21:01
      62000 -- [-4956.956] [...19 remote chains...] -- 0:20:55
      63000 -- [-4958.633] [...19 remote chains...] -- 0:21:03
      64000 -- [-4954.020] [...19 remote chains...] -- 0:21:11
      65000 -- [-4965.110] [...19 remote chains...] -- 0:21:05

      Average standard deviation of split frequencies: 0.000000

      66000 -- [-4961.371] [...19 remote chains...] -- 0:21:13
      67000 -- [-4960.730] [...19 remote chains...] -- 0:21:20
      68000 -- [-4942.818] [...19 remote chains...] -- 0:21:14
      69000 -- [-4952.905] [...19 remote chains...] -- 0:21:21
      70000 -- [-4943.284] [...19 remote chains...] -- 0:21:14

      Average standard deviation of split frequencies: 0.000000

      71000 -- [-4944.391] [...19 remote chains...] -- 0:21:21
      72000 -- [-4946.831] [...19 remote chains...] -- 0:21:15
      73000 -- [-4942.813] [...19 remote chains...] -- 0:21:09
      74000 -- [-4941.232] [...19 remote chains...] -- 0:21:15
      75000 -- [-4941.175] [...19 remote chains...] -- 0:21:09

      Average standard deviation of split frequencies: 0.000000

      76000 -- [-4947.788] [...19 remote chains...] -- 0:21:16
      77000 -- [-4940.297] [...19 remote chains...] -- 0:21:10
      78000 -- [-4946.278] [...19 remote chains...] -- 0:21:16

      Average standard deviation of split frequencies: 0.000000

      Sampling step 4 out of 50 steps...

      79000 -- [-4944.751] [...19 remote chains...] -- 0:21:10
      80000 -- [-4944.273] [...19 remote chains...] -- 0:21:15
      81000 -- [-4943.102] [...19 remote chains...] -- 0:21:10
      82000 -- [-4945.266] [...19 remote chains...] -- 0:21:15
      83000 -- [-4945.271] [...19 remote chains...] -- 0:21:09
      84000 -- [-4943.416] [...19 remote chains...] -- 0:21:15
      85000 -- [-4941.856] [...19 remote chains...] -- 0:21:09

      Average standard deviation of split frequencies: 0.000000

      86000 -- [-4939.025] [...19 remote chains...] -- 0:21:14
      87000 -- [-4934.552] [...19 remote chains...] -- 0:21:09
      88000 -- [-4935.647] [...19 remote chains...] -- 0:21:03
      89000 -- [-4948.389] [...19 remote chains...] -- 0:21:08
      90000 -- [-4943.133] [...19 remote chains...] -- 0:21:03

      Average standard deviation of split frequencies: 0.000000

      91000 -- [-4942.192] [...19 remote chains...] -- 0:21:08
      92000 -- [-4927.663] [...19 remote chains...] -- 0:21:02
      93000 -- [-4920.147] [...19 remote chains...] -- 0:21:07
      94000 -- [-4925.379] [...19 remote chains...] -- 0:21:02
      95000 -- [-4935.016] [...19 remote chains...] -- 0:21:06

      Average standard deviation of split frequencies: 0.000000

      96000 -- [-4928.313] [...19 remote chains...] -- 0:21:01
      97000 -- [-4940.865] [...19 remote chains...] -- 0:21:05
      98000 -- [-4931.557] [...19 remote chains...] -- 0:21:00

      Average standard deviation of split frequencies: 0.000000

      Sampling step 5 out of 50 steps...

      99000 -- [-4940.854] [...19 remote chains...] -- 0:20:55
      100000 -- [-4947.133] [...19 remote chains...] -- 0:20:59
      101000 -- [-4934.316] [...19 remote chains...] -- 0:20:54
      102000 -- [-4941.750] [...19 remote chains...] -- 0:20:58
      103000 -- [-4941.028] [...19 remote chains...] -- 0:20:53
      104000 -- [-4942.864] [...19 remote chains...] -- 0:20:57
      105000 -- [-4945.838] [...19 remote chains...] -- 0:20:52

      Average standard deviation of split frequencies: 0.000000

      106000 -- [-4942.729] [...19 remote chains...] -- 0:20:56
      107000 -- [-4938.939] [...19 remote chains...] -- 0:20:51
      108000 -- [-4934.489] [...19 remote chains...] -- 0:20:54
      109000 -- [-4932.655] [...19 remote chains...] -- 0:20:50
      110000 -- [-4941.953] [...19 remote chains...] -- 0:20:53

      Average standard deviation of split frequencies: 0.000000

      111000 -- [-4931.635] [...19 remote chains...] -- 0:20:48
      112000 -- [-4932.470] [...19 remote chains...] -- 0:20:52
      113000 -- [-4947.830] [...19 remote chains...] -- 0:20:47
      114000 -- [-4939.938] [...19 remote chains...] -- 0:20:50
      115000 -- [-4932.939] [...19 remote chains...] -- 0:20:46

      Average standard deviation of split frequencies: 0.000000

      116000 -- [-4930.469] [...19 remote chains...] -- 0:20:41
      117000 -- [-4943.766] [...19 remote chains...] -- 0:20:44

      Average standard deviation of split frequencies: 0.000000

      Sampling step 6 out of 50 steps...

      118000 -- [-4939.746] [...19 remote chains...] -- 0:20:40
      119000 -- [-4944.741] [...19 remote chains...] -- 0:20:43
      120000 -- [-4951.770] [...19 remote chains...] -- 0:20:38
      121000 -- [-4951.683] [...19 remote chains...] -- 0:20:41
      122000 -- [-4955.468] [...19 remote chains...] -- 0:20:37
      123000 -- [-4959.684] [...19 remote chains...] -- 0:20:40
      124000 -- [-4956.241] [...19 remote chains...] -- 0:20:35
      125000 -- [-4959.841] [...19 remote chains...] -- 0:20:38

      Average standard deviation of split frequencies: 0.000000

      126000 -- [-4949.317] [...19 remote chains...] -- 0:20:34
      127000 -- [-4951.333] [...19 remote chains...] -- 0:20:36
      128000 -- [-4944.980] [...19 remote chains...] -- 0:20:32
      129000 -- [-4941.307] [...19 remote chains...] -- 0:20:35
      130000 -- [-4943.058] [...19 remote chains...] -- 0:20:30

      Average standard deviation of split frequencies: 0.000000

      131000 -- [-4949.264] [...19 remote chains...] -- 0:20:26
      132000 -- [-4945.974] [...19 remote chains...] -- 0:20:29
      133000 -- [-4940.774] [...19 remote chains...] -- 0:20:24
      134000 -- [-4938.724] [...19 remote chains...] -- 0:20:27
      135000 -- [-4946.605] [...19 remote chains...] -- 0:20:23

      Average standard deviation of split frequencies: 0.000000

      136000 -- [-4942.253] [...19 remote chains...] -- 0:20:25
      137000 -- [-4928.449] [...19 remote chains...] -- 0:20:21

      Average standard deviation of split frequencies: 0.000000

      Sampling step 7 out of 50 steps...

      138000 -- [-4935.921] [...19 remote chains...] -- 0:20:23
      139000 -- [-4952.704] [...19 remote chains...] -- 0:20:19
      140000 -- [-4951.019] [...19 remote chains...] -- 0:20:21
      141000 -- [-4956.360] [...19 remote chains...] -- 0:20:17
      142000 -- [-4950.691] [...19 remote chains...] -- 0:20:19
      143000 -- [-4927.709] [...19 remote chains...] -- 0:20:16
      144000 -- [-4942.264] [...19 remote chains...] -- 0:20:18
      145000 -- [-4938.153] [...19 remote chains...] -- 0:20:14

      Average standard deviation of split frequencies: 0.000000

      146000 -- [-4943.171] [...19 remote chains...] -- 0:20:10
      147000 -- [-4950.124] [...19 remote chains...] -- 0:20:12
      148000 -- [-4942.078] [...19 remote chains...] -- 0:20:08
      149000 -- [-4944.650] [...19 remote chains...] -- 0:20:10
      150000 -- [-4945.544] [...19 remote chains...] -- 0:20:06

      Average standard deviation of split frequencies: 0.000000

      151000 -- [-4941.170] [...19 remote chains...] -- 0:20:08
      152000 -- [-4934.270] [...19 remote chains...] -- 0:20:04
      153000 -- [-4927.100] [...19 remote chains...] -- 0:20:06
      154000 -- [-4940.169] [...19 remote chains...] -- 0:20:02
      155000 -- [-4932.095] [...19 remote chains...] -- 0:20:04

      Average standard deviation of split frequencies: 0.000000

      156000 -- [-4930.364] [...19 remote chains...] -- 0:20:00

      Average standard deviation of split frequencies: 0.000000

      Sampling step 8 out of 50 steps...

      157000 -- [-4937.018] [...19 remote chains...] -- 0:20:02
      158000 -- [-4931.548] [...19 remote chains...] -- 0:19:58
      159000 -- [-4947.175] [...19 remote chains...] -- 0:19:54
      160000 -- [-4952.140] [...19 remote chains...] -- 0:19:56
      161000 -- [-4954.632] [...19 remote chains...] -- 0:19:52
      162000 -- [-4985.455] [...19 remote chains...] -- 0:19:54
      163000 -- [-4954.253] [...19 remote chains...] -- 0:19:50
      164000 -- [-4945.641] [...19 remote chains...] -- 0:19:52
      165000 -- [-4955.213] [...19 remote chains...] -- 0:19:48

      Average standard deviation of split frequencies: 0.000000

      166000 -- [-4941.442] [...19 remote chains...] -- 0:19:50
      167000 -- [-4943.027] [...19 remote chains...] -- 0:19:46
      168000 -- [-4963.901] [...19 remote chains...] -- 0:19:48
      169000 -- [-4967.612] [...19 remote chains...] -- 0:19:44
      170000 -- [-4960.194] [...19 remote chains...] -- 0:19:40

      Average standard deviation of split frequencies: 0.000000

      171000 -- [-4962.013] [...19 remote chains...] -- 0:19:42
      172000 -- [-4960.995] [...19 remote chains...] -- 0:19:38
      173000 -- [-4964.624] [...19 remote chains...] -- 0:19:40
      174000 -- [-4944.711] [...19 remote chains...] -- 0:19:36
      175000 -- [-4943.896] [...19 remote chains...] -- 0:19:38

      Average standard deviation of split frequencies: 0.000000

      176000 -- [-4944.499] [...19 remote chains...] -- 0:19:34

      Average standard deviation of split frequencies: 0.000000

      Sampling step 9 out of 50 steps...

      177000 -- [-4937.452] [...19 remote chains...] -- 0:19:35
      178000 -- [-4963.767] [...19 remote chains...] -- 0:19:32
      179000 -- [-4949.394] [...19 remote chains...] -- 0:19:33
      180000 -- [-4942.148] [...19 remote chains...] -- 0:19:30
      181000 -- [-4935.498] [...19 remote chains...] -- 0:19:26
      182000 -- [-4941.002] [...19 remote chains...] -- 0:19:28
      183000 -- [-4953.855] [...19 remote chains...] -- 0:19:24
      184000 -- [-4949.208] [...19 remote chains...] -- 0:19:25
      185000 -- [-4942.323] [...19 remote chains...] -- 0:19:22

      Average standard deviation of split frequencies: 0.000000

      186000 -- [-4943.444] [...19 remote chains...] -- 0:19:23
      187000 -- [-4949.586] [...19 remote chains...] -- 0:19:20
      188000 -- [-4941.221] [...19 remote chains...] -- 0:19:21
      189000 -- [-4944.681] [...19 remote chains...] -- 0:19:18
      190000 -- [-4953.305] [...19 remote chains...] -- 0:19:19

      Average standard deviation of split frequencies: 0.000000

      191000 -- [-4957.207] [...19 remote chains...] -- 0:19:15
      192000 -- [-4939.403] [...19 remote chains...] -- 0:19:12
      193000 -- [-4951.625] [...19 remote chains...] -- 0:19:13
      194000 -- [-4954.766] [...19 remote chains...] -- 0:19:10
      195000 -- [-4949.971] [...19 remote chains...] -- 0:19:11

      Average standard deviation of split frequencies: 0.000000

      196000 -- [-4964.393] [...19 remote chains...] -- 0:19:08

      Average standard deviation of split frequencies: 0.000000

      Sampling step 10 out of 50 steps...

      197000 -- [-4952.952] [...19 remote chains...] -- 0:19:08
      198000 -- [-4958.286] [...19 remote chains...] -- 0:19:05
      199000 -- [-4957.052] [...19 remote chains...] -- 0:19:06
      200000 -- [-4969.826] [...19 remote chains...] -- 0:19:03
      201000 -- [-4947.960] [...19 remote chains...] -- 0:19:04
      202000 -- [-4967.826] [...19 remote chains...] -- 0:19:01
      203000 -- [-4964.345] [...19 remote chains...] -- 0:19:01
      204000 -- [-4944.938] [...19 remote chains...] -- 0:18:58
      205000 -- [-4945.465] [...19 remote chains...] -- 0:18:55

      Average standard deviation of split frequencies: 0.000000

      206000 -- [-4941.735] [...19 remote chains...] -- 0:18:56
      207000 -- [-4960.658] [...19 remote chains...] -- 0:18:53
      208000 -- [-4951.773] [...19 remote chains...] -- 0:18:54
      209000 -- [-4956.809] [...19 remote chains...] -- 0:18:51
      210000 -- [-4965.353] [...19 remote chains...] -- 0:18:51

      Average standard deviation of split frequencies: 0.000000

      211000 -- [-4969.766] [...19 remote chains...] -- 0:18:48
      212000 -- [-4956.398] [...19 remote chains...] -- 0:18:49
      213000 -- [-4955.047] [...19 remote chains...] -- 0:18:46
      214000 -- [-4967.759] [...19 remote chains...] -- 0:18:47
      215000 -- [-4965.726] [...19 remote chains...] -- 0:18:43

      Average standard deviation of split frequencies: 0.000000


      Average standard deviation of split frequencies: 0.000000

      Sampling step 11 out of 50 steps...

      216000 -- [-4957.370] [...19 remote chains...] -- 0:18:40
      217000 -- [-4961.456] [...19 remote chains...] -- 0:18:41
      218000 -- [-4951.633] [...19 remote chains...] -- 0:18:38
      219000 -- [-4952.612] [...19 remote chains...] -- 0:18:39
      220000 -- [-4944.737] [...19 remote chains...] -- 0:18:36
      221000 -- [-4946.340] [...19 remote chains...] -- 0:18:36
      222000 -- [-4945.168] [...19 remote chains...] -- 0:18:33
      223000 -- [-4954.476] [...19 remote chains...] -- 0:18:34
      224000 -- [-4948.457] [...19 remote chains...] -- 0:18:31
      225000 -- [-4960.493] [...19 remote chains...] -- 0:18:31

      Average standard deviation of split frequencies: 0.000000

      226000 -- [-4980.961] [...19 remote chains...] -- 0:18:29
      227000 -- [-4968.296] [...19 remote chains...] -- 0:18:29
      228000 -- [-4963.056] [...19 remote chains...] -- 0:18:26
      229000 -- [-4972.023] [...19 remote chains...] -- 0:18:23
      230000 -- [-4978.771] [...19 remote chains...] -- 0:18:24

      Average standard deviation of split frequencies: 0.000000

      231000 -- [-4951.540] [...19 remote chains...] -- 0:18:21
      232000 -- [-4960.515] [...19 remote chains...] -- 0:18:21
      233000 -- [-4965.596] [...19 remote chains...] -- 0:18:18
      234000 -- [-4962.055] [...19 remote chains...] -- 0:18:19
      235000 -- [-4949.223] [...19 remote chains...] -- 0:18:16

      Average standard deviation of split frequencies: 0.000000


      Average standard deviation of split frequencies: 0.000000

      Sampling step 12 out of 50 steps...

      236000 -- [-4969.689] [...19 remote chains...] -- 0:18:16
      237000 -- [-4961.447] [...19 remote chains...] -- 0:18:14
      238000 -- [-4963.659] [...19 remote chains...] -- 0:18:14
      239000 -- [-4974.316] [...19 remote chains...] -- 0:18:11
      240000 -- [-4973.386] [...19 remote chains...] -- 0:18:08
      241000 -- [-4986.472] [...19 remote chains...] -- 0:18:09
      242000 -- [-4984.308] [...19 remote chains...] -- 0:18:06
      243000 -- [-4975.670] [...19 remote chains...] -- 0:18:06
      244000 -- [-4966.378] [...19 remote chains...] -- 0:18:03
      245000 -- [-4953.315] [...19 remote chains...] -- 0:18:04

      Average standard deviation of split frequencies: 0.000000

      246000 -- [-4966.934] [...19 remote chains...] -- 0:18:01
      247000 -- [-4965.029] [...19 remote chains...] -- 0:18:01
      248000 -- [-4970.497] [...19 remote chains...] -- 0:17:58
      249000 -- [-4955.495] [...19 remote chains...] -- 0:17:59
      250000 -- [-4959.070] [...19 remote chains...] -- 0:17:56

      Average standard deviation of split frequencies: 0.000000

      251000 -- [-4957.223] [...19 remote chains...] -- 0:17:56
      252000 -- [-4970.346] [...19 remote chains...] -- 0:17:53
      253000 -- [-4964.518] [...19 remote chains...] -- 0:17:51
      254000 -- [-4964.919] [...19 remote chains...] -- 0:17:51

      Average standard deviation of split frequencies: 0.000000

      Sampling step 13 out of 50 steps...

      255000 -- [-4976.285] [...19 remote chains...] -- 0:17:48
      256000 -- [-4964.659] [...19 remote chains...] -- 0:17:48
      257000 -- [-4957.816] [...19 remote chains...] -- 0:17:46
      258000 -- [-4973.083] [...19 remote chains...] -- 0:17:46
      259000 -- [-4967.840] [...19 remote chains...] -- 0:17:43
      260000 -- [-4979.225] [...19 remote chains...] -- 0:17:43

      Average standard deviation of split frequencies: 0.000000

      261000 -- [-4960.743] [...19 remote chains...] -- 0:17:41
      262000 -- [-4975.413] [...19 remote chains...] -- 0:17:41
      263000 -- [-4968.496] [...19 remote chains...] -- 0:17:38
      264000 -- [-4973.974] [...19 remote chains...] -- 0:17:38
      265000 -- [-4967.890] [...19 remote chains...] -- 0:17:36

      Average standard deviation of split frequencies: 0.000000

      266000 -- [-4968.426] [...19 remote chains...] -- 0:17:33
      267000 -- [-4953.023] [...19 remote chains...] -- 0:17:33
      268000 -- [-4938.562] [...19 remote chains...] -- 0:17:30
      269000 -- [-4960.954] [...19 remote chains...] -- 0:17:31
      270000 -- [-4979.664] [...19 remote chains...] -- 0:17:28

      Average standard deviation of split frequencies: 0.000000

      271000 -- [-4963.081] [...19 remote chains...] -- 0:17:28
      272000 -- [-4971.066] [...19 remote chains...] -- 0:17:25
      273000 -- [-4973.976] [...19 remote chains...] -- 0:17:25
      274000 -- [-4966.764] [...19 remote chains...] -- 0:17:23

      Average standard deviation of split frequencies: 0.000000

      Sampling step 14 out of 50 steps...

      275000 -- [-4963.139] [...19 remote chains...] -- 0:17:23
      276000 -- [-4969.609] [...19 remote chains...] -- 0:17:20
      277000 -- [-4979.111] [...19 remote chains...] -- 0:17:20
      278000 -- [-4980.737] [...19 remote chains...] -- 0:17:18
      279000 -- [-4995.661] [...19 remote chains...] -- 0:17:18
      280000 -- [-4983.325] [...19 remote chains...] -- 0:17:15

      Average standard deviation of split frequencies: 0.000000

      281000 -- [-5008.165] [...19 remote chains...] -- 0:17:15
      282000 -- [-4984.625] [...19 remote chains...] -- 0:17:13
      283000 -- [-4983.305] [...19 remote chains...] -- 0:17:10
      284000 -- [-4997.408] [...19 remote chains...] -- 0:17:10
      285000 -- [-5001.617] [...19 remote chains...] -- 0:17:08

      Average standard deviation of split frequencies: 0.000000

      286000 -- [-5005.487] [...19 remote chains...] -- 0:17:07
      287000 -- [-5008.503] [...19 remote chains...] -- 0:17:05
      288000 -- [-5003.763] [...19 remote chains...] -- 0:17:05
      289000 -- [-5007.534] [...19 remote chains...] -- 0:17:02
      290000 -- [-5001.137] [...19 remote chains...] -- 0:17:02

      Average standard deviation of split frequencies: 0.000000

      291000 -- [-4975.460] [...19 remote chains...] -- 0:17:00
      292000 -- [-4992.852] [...19 remote chains...] -- 0:17:00
      293000 -- [-4996.997] [...19 remote chains...] -- 0:16:57
      294000 -- [-4993.311] [...19 remote chains...] -- 0:16:55

      Average standard deviation of split frequencies: 0.000000

      Sampling step 15 out of 50 steps...

      295000 -- [-4979.947] [...19 remote chains...] -- 0:16:55
      296000 -- [-4976.772] [...19 remote chains...] -- 0:16:52
      297000 -- [-4986.459] [...19 remote chains...] -- 0:16:52
      298000 -- [-4997.999] [...19 remote chains...] -- 0:16:50
      299000 -- [-4976.720] [...19 remote chains...] -- 0:16:49
      300000 -- [-4977.171] [...19 remote chains...] -- 0:16:47

      Average standard deviation of split frequencies: 0.000000

      301000 -- [-4997.505] [...19 remote chains...] -- 0:16:47
      302000 -- [-4996.331] [...19 remote chains...] -- 0:16:44
      303000 -- [-4976.576] [...19 remote chains...] -- 0:16:44
      304000 -- [-4980.822] [...19 remote chains...] -- 0:16:42
      305000 -- [-4989.821] [...19 remote chains...] -- 0:16:39

      Average standard deviation of split frequencies: 0.000000

      306000 -- [-4979.075] [...19 remote chains...] -- 0:16:39
      307000 -- [-4982.038] [...19 remote chains...] -- 0:16:37
      308000 -- [-4991.111] [...19 remote chains...] -- 0:16:36
      309000 -- [-4993.677] [...19 remote chains...] -- 0:16:34
      310000 -- [-4984.579] [...19 remote chains...] -- 0:16:34

      Average standard deviation of split frequencies: 0.000000

      311000 -- [-4986.480] [...19 remote chains...] -- 0:16:31
      312000 -- [-5004.527] [...19 remote chains...] -- 0:16:31
      313000 -- [-4995.644] [...19 remote chains...] -- 0:16:29

      Average standard deviation of split frequencies: 0.000000

      Sampling step 16 out of 50 steps...

      314000 -- [-4996.575] [...19 remote chains...] -- 0:16:29
      315000 -- [-5029.126] [...19 remote chains...] -- 0:16:26
      316000 -- [-5002.764] [...19 remote chains...] -- 0:16:26
      317000 -- [-5004.851] [...19 remote chains...] -- 0:16:24
      318000 -- [-5030.896] [...19 remote chains...] -- 0:16:23
      319000 -- [-5037.142] [...19 remote chains...] -- 0:16:21
      320000 -- [-5022.361] [...19 remote chains...] -- 0:16:21

      Average standard deviation of split frequencies: 0.000000

      321000 -- [-4999.035] [...19 remote chains...] -- 0:16:18
      322000 -- [-4994.459] [...19 remote chains...] -- 0:16:16
      323000 -- [-5013.807] [...19 remote chains...] -- 0:16:16
      324000 -- [-5016.507] [...19 remote chains...] -- 0:16:13
      325000 -- [-5005.923] [...19 remote chains...] -- 0:16:13

      Average standard deviation of split frequencies: 0.000000

      326000 -- [-5002.890] [...19 remote chains...] -- 0:16:11
      327000 -- [-4995.759] [...19 remote chains...] -- 0:16:10
      328000 -- [-5005.327] [...19 remote chains...] -- 0:16:08
      329000 -- [-5003.313] [...19 remote chains...] -- 0:16:08
      330000 -- [-5009.345] [...19 remote chains...] -- 0:16:05

      Average standard deviation of split frequencies: 0.000000

      331000 -- [-5006.589] [...19 remote chains...] -- 0:16:05
      332000 -- [-5002.192] [...19 remote chains...] -- 0:16:03
      333000 -- [-5011.000] [...19 remote chains...] -- 0:16:02

      Average standard deviation of split frequencies: 0.000000

      Sampling step 17 out of 50 steps...

      334000 -- [-5022.064] [...19 remote chains...] -- 0:16:00
      335000 -- [-5017.931] [...19 remote chains...] -- 0:16:00
      336000 -- [-5007.007] [...19 remote chains...] -- 0:15:57
      337000 -- [-5005.682] [...19 remote chains...] -- 0:15:55
      338000 -- [-4988.146] [...19 remote chains...] -- 0:15:55
      339000 -- [-5009.537] [...19 remote chains...] -- 0:15:54
      340000 -- [-4999.018] [...19 remote chains...] -- 0:15:52

      Average standard deviation of split frequencies: 0.000000

      341000 -- [-5009.766] [...19 remote chains...] -- 0:15:50
      342000 -- [-5004.899] [...19 remote chains...] -- 0:15:49
      343000 -- [-4991.147] [...19 remote chains...] -- 0:15:47
      344000 -- [-4999.472] [...19 remote chains...] -- 0:15:47
      345000 -- [-5010.949] [...19 remote chains...] -- 0:15:44

      Average standard deviation of split frequencies: 0.000000

      346000 -- [-5010.181] [...19 remote chains...] -- 0:15:44
      347000 -- [-5018.205] [...19 remote chains...] -- 0:15:42
      348000 -- [-5015.210] [...19 remote chains...] -- 0:15:41
      349000 -- [-5007.090] [...19 remote chains...] -- 0:15:39
      350000 -- [-4998.354] [...19 remote chains...] -- 0:15:39

      Average standard deviation of split frequencies: 0.000000

      351000 -- [-5012.018] [...19 remote chains...] -- 0:15:36
      352000 -- [-5042.717] [...19 remote chains...] -- 0:15:36

      Average standard deviation of split frequencies: 0.000000

      Sampling step 18 out of 50 steps...

      353000 -- [-5034.610] [...19 remote chains...] -- 0:15:34
      354000 -- [-5027.162] [...19 remote chains...] -- 0:15:33
      355000 -- [-5026.249] [...19 remote chains...] -- 0:15:31
      356000 -- [-5012.984] [...19 remote chains...] -- 0:15:29
      357000 -- [-5011.045] [...19 remote chains...] -- 0:15:28
      358000 -- [-5008.794] [...19 remote chains...] -- 0:15:26
      359000 -- [-5023.263] [...19 remote chains...] -- 0:15:26
      360000 -- [-5039.383] [...19 remote chains...] -- 0:15:23

      Average standard deviation of split frequencies: 0.000000

      361000 -- [-5033.945] [...19 remote chains...] -- 0:15:23
      362000 -- [-5016.903] [...19 remote chains...] -- 0:15:21
      363000 -- [-5030.709] [...19 remote chains...] -- 0:15:20
      364000 -- [-5021.991] [...19 remote chains...] -- 0:15:18
      365000 -- [-5027.550] [...19 remote chains...] -- 0:15:17

      Average standard deviation of split frequencies: 0.000000

      366000 -- [-5025.125] [...19 remote chains...] -- 0:15:15
      367000 -- [-5018.294] [...19 remote chains...] -- 0:15:15
      368000 -- [-5012.910] [...19 remote chains...] -- 0:15:13
      369000 -- [-5045.669] [...19 remote chains...] -- 0:15:12
      370000 -- [-5040.598] [...19 remote chains...] -- 0:15:10

      Average standard deviation of split frequencies: 0.000000

      371000 -- [-5038.192] [...19 remote chains...] -- 0:15:08
      372000 -- [-5024.200] [...19 remote chains...] -- 0:15:07

      Average standard deviation of split frequencies: 0.000000

      Sampling step 19 out of 50 steps...

      373000 -- [-5020.218] [...19 remote chains...] -- 0:15:05
      374000 -- [-5035.194] [...19 remote chains...] -- 0:15:04
      375000 -- [-5045.934] [...19 remote chains...] -- 0:15:02
      376000 -- [-5030.589] [...19 remote chains...] -- 0:15:02
      377000 -- [-5045.061] [...19 remote chains...] -- 0:15:00
      378000 -- [-5021.635] [...19 remote chains...] -- 0:14:59
      379000 -- [-5042.787] [...19 remote chains...] -- 0:14:57
      380000 -- [-5009.874] [...19 remote chains...] -- 0:14:56

      Average standard deviation of split frequencies: 0.000000

      381000 -- [-5017.161] [...19 remote chains...] -- 0:14:54
      382000 -- [-5012.752] [...19 remote chains...] -- 0:14:54
      383000 -- [-5002.654] [...19 remote chains...] -- 0:14:51
      384000 -- [-5010.449] [...19 remote chains...] -- 0:14:51
      385000 -- [-5016.816] [...19 remote chains...] -- 0:14:49

      Average standard deviation of split frequencies: 0.000000

      386000 -- [-5018.817] [...19 remote chains...] -- 0:14:48
      387000 -- [-5028.156] [...19 remote chains...] -- 0:14:46
      388000 -- [-5007.535] [...19 remote chains...] -- 0:14:44
      389000 -- [-5015.612] [...19 remote chains...] -- 0:14:43
      390000 -- [-5056.773] [...19 remote chains...] -- 0:14:41

      Average standard deviation of split frequencies: 0.000000

      391000 -- [-5019.440] [...19 remote chains...] -- 0:14:40
      392000 -- [-5017.884] [...19 remote chains...] -- 0:14:38

      Average standard deviation of split frequencies: 0.000000

      Sampling step 20 out of 50 steps...

      393000 -- [-5022.677] [...19 remote chains...] -- 0:14:38
      394000 -- [-5020.240] [...19 remote chains...] -- 0:14:36
      395000 -- [-5046.553] [...19 remote chains...] -- 0:14:35
      396000 -- [-5063.417] [...19 remote chains...] -- 0:14:33
      397000 -- [-5042.398] [...19 remote chains...] -- 0:14:32
      398000 -- [-5042.694] [...19 remote chains...] -- 0:14:30
      399000 -- [-5042.030] [...19 remote chains...] -- 0:14:30
      400000 -- [-5032.911] [...19 remote chains...] -- 0:14:27

      Average standard deviation of split frequencies: 0.000000

      401000 -- [-5041.343] [...19 remote chains...] -- 0:14:27
      402000 -- [-5054.990] [...19 remote chains...] -- 0:14:25
      403000 -- [-5077.344] [...19 remote chains...] -- 0:14:23
      404000 -- [-5050.133] [...19 remote chains...] -- 0:14:22
      405000 -- [-5059.740] [...19 remote chains...] -- 0:14:20

      Average standard deviation of split frequencies: 0.000000

      406000 -- [-5054.905] [...19 remote chains...] -- 0:14:19
      407000 -- [-5044.027] [...19 remote chains...] -- 0:14:17
      408000 -- [-5055.337] [...19 remote chains...] -- 0:14:16
      409000 -- [-5064.433] [...19 remote chains...] -- 0:14:14
      410000 -- [-5054.368] [...19 remote chains...] -- 0:14:14

      Average standard deviation of split frequencies: 0.000000

      411000 -- [-5032.493] [...19 remote chains...] -- 0:14:12

      Average standard deviation of split frequencies: 0.000000

      Sampling step 21 out of 50 steps...

      412000 -- [-5024.406] [...19 remote chains...] -- 0:14:11
      413000 -- [-5039.871] [...19 remote chains...] -- 0:14:09
      414000 -- [-5046.781] [...19 remote chains...] -- 0:14:08
      415000 -- [-5049.079] [...19 remote chains...] -- 0:14:06
      416000 -- [-5033.776] [...19 remote chains...] -- 0:14:05
      417000 -- [-5053.472] [...19 remote chains...] -- 0:14:03
      418000 -- [-5060.023] [...19 remote chains...] -- 0:14:03
      419000 -- [-5051.334] [...19 remote chains...] -- 0:14:01
      420000 -- [-5062.196] [...19 remote chains...] -- 0:14:00

      Average standard deviation of split frequencies: 0.000000

      421000 -- [-5065.082] [...19 remote chains...] -- 0:13:58
      422000 -- [-5046.451] [...19 remote chains...] -- 0:13:57
      423000 -- [-5035.295] [...19 remote chains...] -- 0:13:55
      424000 -- [-5056.807] [...19 remote chains...] -- 0:13:53
      425000 -- [-5045.831] [...19 remote chains...] -- 0:13:52

      Average standard deviation of split frequencies: 0.000000

      426000 -- [-5056.656] [...19 remote chains...] -- 0:13:50
      427000 -- [-5073.231] [...19 remote chains...] -- 0:13:50
      428000 -- [-5060.575] [...19 remote chains...] -- 0:13:48
      429000 -- [-5052.330] [...19 remote chains...] -- 0:13:47
      430000 -- [-5041.672] [...19 remote chains...] -- 0:13:45

      Average standard deviation of split frequencies: 0.000000

      431000 -- [-5052.208] [...19 remote chains...] -- 0:13:44

      Average standard deviation of split frequencies: 0.000000

      Sampling step 22 out of 50 steps...

      432000 -- [-5089.437] [...19 remote chains...] -- 0:13:42
      433000 -- [-5051.421] [...19 remote chains...] -- 0:13:41
      434000 -- [-5077.405] [...19 remote chains...] -- 0:13:39
      435000 -- [-5061.336] [...19 remote chains...] -- 0:13:38
      436000 -- [-5057.478] [...19 remote chains...] -- 0:13:36
      437000 -- [-5085.233] [...19 remote chains...] -- 0:13:36
      438000 -- [-5072.599] [...19 remote chains...] -- 0:13:34
      439000 -- [-5032.486] [...19 remote chains...] -- 0:13:33
      440000 -- [-5047.159] [...19 remote chains...] -- 0:13:31

      Average standard deviation of split frequencies: 0.000000

      441000 -- [-5039.483] [...19 remote chains...] -- 0:13:30
      442000 -- [-5049.537] [...19 remote chains...] -- 0:13:28
      443000 -- [-5082.013] [...19 remote chains...] -- 0:13:26
      444000 -- [-5079.817] [...19 remote chains...] -- 0:13:25
      445000 -- [-5072.883] [...19 remote chains...] -- 0:13:23

      Average standard deviation of split frequencies: 0.000000

      446000 -- [-5054.852] [...19 remote chains...] -- 0:13:23
      447000 -- [-5058.280] [...19 remote chains...] -- 0:13:21
      448000 -- [-5070.648] [...19 remote chains...] -- 0:13:20
      449000 -- [-5063.673] [...19 remote chains...] -- 0:13:18
      450000 -- [-5047.476] [...19 remote chains...] -- 0:13:17

      Average standard deviation of split frequencies: 0.000000


      Average standard deviation of split frequencies: 0.000000

      Sampling step 23 out of 50 steps...

      451000 -- [-5082.299] [...19 remote chains...] -- 0:13:15
      452000 -- [-5048.652] [...19 remote chains...] -- 0:13:14
      453000 -- [-5074.857] [...19 remote chains...] -- 0:13:12
      454000 -- [-5065.451] [...19 remote chains...] -- 0:13:11
      455000 -- [-5050.488] [...19 remote chains...] -- 0:13:09
      456000 -- [-5044.726] [...19 remote chains...] -- 0:13:09
      457000 -- [-5059.865] [...19 remote chains...] -- 0:13:07
      458000 -- [-5058.120] [...19 remote chains...] -- 0:13:06
      459000 -- [-5056.358] [...19 remote chains...] -- 0:13:04
      460000 -- [-5055.041] [...19 remote chains...] -- 0:13:03

      Average standard deviation of split frequencies: 0.000000

      461000 -- [-5039.496] [...19 remote chains...] -- 0:13:01
      462000 -- [-5062.691] [...19 remote chains...] -- 0:12:59
      463000 -- [-5066.976] [...19 remote chains...] -- 0:12:58
      464000 -- [-5073.052] [...19 remote chains...] -- 0:12:56
      465000 -- [-5079.648] [...19 remote chains...] -- 0:12:56

      Average standard deviation of split frequencies: 0.000000

      466000 -- [-5072.194] [...19 remote chains...] -- 0:12:54
      467000 -- [-5073.602] [...19 remote chains...] -- 0:12:53
      468000 -- [-5062.535] [...19 remote chains...] -- 0:12:51
      469000 -- [-5064.420] [...19 remote chains...] -- 0:12:50
      470000 -- [-5074.629] [...19 remote chains...] -- 0:12:48

      Average standard deviation of split frequencies: 0.000000


      Average standard deviation of split frequencies: 0.000000

      Sampling step 24 out of 50 steps...

      471000 -- [-5062.647] [...19 remote chains...] -- 0:12:47
      472000 -- [-5063.973] [...19 remote chains...] -- 0:12:45
      473000 -- [-5085.142] [...19 remote chains...] -- 0:12:44
      474000 -- [-5059.181] [...19 remote chains...] -- 0:12:42
      475000 -- [-5075.229] [...19 remote chains...] -- 0:12:40
      476000 -- [-5083.946] [...19 remote chains...] -- 0:12:40
      477000 -- [-5083.897] [...19 remote chains...] -- 0:12:39
      478000 -- [-5082.013] [...19 remote chains...] -- 0:12:37
      479000 -- [-5082.817] [...19 remote chains...] -- 0:12:35
      480000 -- [-5046.675] [...19 remote chains...] -- 0:12:34

      Average standard deviation of split frequencies: 0.000000

      481000 -- [-5054.420] [...19 remote chains...] -- 0:12:32
      482000 -- [-5061.849] [...19 remote chains...] -- 0:12:31
      483000 -- [-5061.606] [...19 remote chains...] -- 0:12:29
      484000 -- [-5104.238] [...19 remote chains...] -- 0:12:28
      485000 -- [-5112.162] [...19 remote chains...] -- 0:12:26

      Average standard deviation of split frequencies: 0.000000

      486000 -- [-5098.431] [...19 remote chains...] -- 0:12:26
      487000 -- [-5074.680] [...19 remote chains...] -- 0:12:24
      488000 -- [-5081.881] [...19 remote chains...] -- 0:12:23
      489000 -- [-5057.211] [...19 remote chains...] -- 0:12:21
      490000 -- [-5066.741] [...19 remote chains...] -- 0:12:20

      Average standard deviation of split frequencies: 0.000000

      Sampling step 25 out of 50 steps...

      491000 -- [-5087.408] [...19 remote chains...] -- 0:12:18
      492000 -- [-5071.555] [...19 remote chains...] -- 0:12:17
      493000 -- [-5068.347] [...19 remote chains...] -- 0:12:15
      494000 -- [-5067.898] [...19 remote chains...] -- 0:12:14
      495000 -- [-5071.374] [...19 remote chains...] -- 0:12:12

      Average standard deviation of split frequencies: 0.000000

      496000 -- [-5068.610] [...19 remote chains...] -- 0:12:12
      497000 -- [-5095.254] [...19 remote chains...] -- 0:12:10
      498000 -- [-5089.946] [...19 remote chains...] -- 0:12:09
      499000 -- [-5138.860] [...19 remote chains...] -- 0:12:07
      500000 -- [-5097.837] [...19 remote chains...] -- 0:12:06

      Average standard deviation of split frequencies: 0.000000

      501000 -- [-5044.299] [...19 remote chains...] -- 0:12:04
      502000 -- [-5104.970] [...19 remote chains...] -- 0:12:02
      503000 -- [-5071.878] [...19 remote chains...] -- 0:12:01
      504000 -- [-5048.565] [...19 remote chains...] -- 0:11:59
      505000 -- [-5046.614] [...19 remote chains...] -- 0:11:58

      Average standard deviation of split frequencies: 0.000000

      506000 -- [-5048.624] [...19 remote chains...] -- 0:11:56
      507000 -- [-5112.129] [...19 remote chains...] -- 0:11:56
      508000 -- [-5064.082] [...19 remote chains...] -- 0:11:54
      509000 -- [-5044.358] [...19 remote chains...] -- 0:11:53

      Average standard deviation of split frequencies: 0.000000

      Sampling step 26 out of 50 steps...

      510000 -- [-5043.630] [...19 remote chains...] -- 0:11:51
      511000 -- [-5056.862] [...19 remote chains...] -- 0:11:50
      512000 -- [-5045.291] [...19 remote chains...] -- 0:11:48
      513000 -- [-5079.477] [...19 remote chains...] -- 0:11:47
      514000 -- [-5082.385] [...19 remote chains...] -- 0:11:45
      515000 -- [-5049.753] [...19 remote chains...] -- 0:11:44

      Average standard deviation of split frequencies: 0.000000

      516000 -- [-5059.952] [...19 remote chains...] -- 0:11:42
      517000 -- [-5104.145] [...19 remote chains...] -- 0:11:41
      518000 -- [-5127.293] [...19 remote chains...] -- 0:11:40
      519000 -- [-5141.581] [...19 remote chains...] -- 0:11:39
      520000 -- [-5148.703] [...19 remote chains...] -- 0:11:37

      Average standard deviation of split frequencies: 0.000000

      521000 -- [-5144.036] [...19 remote chains...] -- 0:11:36
      522000 -- [-5092.165] [...19 remote chains...] -- 0:11:34
      523000 -- [-5090.999] [...19 remote chains...] -- 0:11:33
      524000 -- [-5100.976] [...19 remote chains...] -- 0:11:31
      525000 -- [-5085.049] [...19 remote chains...] -- 0:11:30

      Average standard deviation of split frequencies: 0.000000

      526000 -- [-5105.277] [...19 remote chains...] -- 0:11:28
      527000 -- [-5100.324] [...19 remote chains...] -- 0:11:27
      528000 -- [-5130.860] [...19 remote chains...] -- 0:11:25
      529000 -- [-5083.016] [...19 remote chains...] -- 0:11:24

      Average standard deviation of split frequencies: 0.000000

      Sampling step 27 out of 50 steps...

      530000 -- [-5080.722] [...19 remote chains...] -- 0:11:23
      531000 -- [-5086.436] [...19 remote chains...] -- 0:11:22
      532000 -- [-5089.265] [...19 remote chains...] -- 0:11:20
      533000 -- [-5064.982] [...19 remote chains...] -- 0:11:18
      534000 -- [-5080.941] [...19 remote chains...] -- 0:11:17
      535000 -- [-5106.146] [...19 remote chains...] -- 0:11:16

      Average standard deviation of split frequencies: 0.000000

      536000 -- [-5092.530] [...19 remote chains...] -- 0:11:14
      537000 -- [-5114.131] [...19 remote chains...] -- 0:11:12
      538000 -- [-5084.563] [...19 remote chains...] -- 0:11:11
      539000 -- [-5093.197] [...19 remote chains...] -- 0:11:09
      540000 -- [-5089.473] [...19 remote chains...] -- 0:11:08

      Average standard deviation of split frequencies: 0.000000

      541000 -- [-5092.839] [...19 remote chains...] -- 0:11:07
      542000 -- [-5102.327] [...19 remote chains...] -- 0:11:06
      543000 -- [-5101.007] [...19 remote chains...] -- 0:11:04
      544000 -- [-5112.846] [...19 remote chains...] -- 0:11:03
      545000 -- [-5089.066] [...19 remote chains...] -- 0:11:01

      Average standard deviation of split frequencies: 0.000000

      546000 -- [-5118.337] [...19 remote chains...] -- 0:11:00
      547000 -- [-5090.741] [...19 remote chains...] -- 0:10:58
      548000 -- [-5140.114] [...19 remote chains...] -- 0:10:57

      Average standard deviation of split frequencies: 0.000000

      Sampling step 28 out of 50 steps...

      549000 -- [-5142.045] [...19 remote chains...] -- 0:10:55
      550000 -- [-5184.112] [...19 remote chains...] -- 0:10:54
      551000 -- [-5136.633] [...19 remote chains...] -- 0:10:52
      552000 -- [-5090.175] [...19 remote chains...] -- 0:10:51
      553000 -- [-5123.425] [...19 remote chains...] -- 0:10:50
      554000 -- [-5150.304] [...19 remote chains...] -- 0:10:49
      555000 -- [-5137.145] [...19 remote chains...] -- 0:10:47

      Average standard deviation of split frequencies: 0.000000

      556000 -- [-5152.272] [...19 remote chains...] -- 0:10:46
      557000 -- [-5108.384] [...19 remote chains...] -- 0:10:44
      558000 -- [-5131.319] [...19 remote chains...] -- 0:10:43
      559000 -- [-5118.846] [...19 remote chains...] -- 0:10:41
      560000 -- [-5143.264] [...19 remote chains...] -- 0:10:40

      Average standard deviation of split frequencies: 0.000000

      561000 -- [-5135.039] [...19 remote chains...] -- 0:10:38
      562000 -- [-5123.430] [...19 remote chains...] -- 0:10:37
      563000 -- [-5134.618] [...19 remote chains...] -- 0:10:35
      564000 -- [-5155.509] [...19 remote chains...] -- 0:10:34
      565000 -- [-5155.861] [...19 remote chains...] -- 0:10:33

      Average standard deviation of split frequencies: 0.000000

      566000 -- [-5078.501] [...19 remote chains...] -- 0:10:32
      567000 -- [-5151.759] [...19 remote chains...] -- 0:10:30
      568000 -- [-5134.975] [...19 remote chains...] -- 0:10:29

      Average standard deviation of split frequencies: 0.000000

      Sampling step 29 out of 50 steps...

      569000 -- [-5114.456] [...19 remote chains...] -- 0:10:27
      570000 -- [-5168.523] [...19 remote chains...] -- 0:10:26
      571000 -- [-5160.632] [...19 remote chains...] -- 0:10:24
      572000 -- [-5169.614] [...19 remote chains...] -- 0:10:23
      573000 -- [-5153.808] [...19 remote chains...] -- 0:10:21
      574000 -- [-5169.193] [...19 remote chains...] -- 0:10:20
      575000 -- [-5196.916] [...19 remote chains...] -- 0:10:18

      Average standard deviation of split frequencies: 0.000000

      576000 -- [-5193.249] [...19 remote chains...] -- 0:10:17
      577000 -- [-5223.192] [...19 remote chains...] -- 0:10:15
      578000 -- [-5167.344] [...19 remote chains...] -- 0:10:14
      579000 -- [-5136.193] [...19 remote chains...] -- 0:10:13
      580000 -- [-5120.798] [...19 remote chains...] -- 0:10:12

      Average standard deviation of split frequencies: 0.000000

      581000 -- [-5138.591] [...19 remote chains...] -- 0:10:10
      582000 -- [-5153.030] [...19 remote chains...] -- 0:10:09
      583000 -- [-5119.160] [...19 remote chains...] -- 0:10:07
      584000 -- [-5120.561] [...19 remote chains...] -- 0:10:06
      585000 -- [-5130.033] [...19 remote chains...] -- 0:10:04

      Average standard deviation of split frequencies: 0.000000

      586000 -- [-5146.960] [...19 remote chains...] -- 0:10:03
      587000 -- [-5131.162] [...19 remote chains...] -- 0:10:01
      588000 -- [-5131.946] [...19 remote chains...] -- 0:10:00

      Average standard deviation of split frequencies: 0.000000

      Sampling step 30 out of 50 steps...

      589000 -- [-5106.098] [...19 remote chains...] -- 0:09:58
      590000 -- [-5107.821] [...19 remote chains...] -- 0:09:57
      591000 -- [-5193.782] [...19 remote chains...] -- 0:09:55
      592000 -- [-5142.777] [...19 remote chains...] -- 0:09:54
      593000 -- [-5206.706] [...19 remote chains...] -- 0:09:53
      594000 -- [-5173.748] [...19 remote chains...] -- 0:09:52
      595000 -- [-5234.212] [...19 remote chains...] -- 0:09:50

      Average standard deviation of split frequencies: 0.000000

      596000 -- [-5211.416] [...19 remote chains...] -- 0:09:49
      597000 -- [-5206.117] [...19 remote chains...] -- 0:09:47
      598000 -- [-5181.093] [...19 remote chains...] -- 0:09:46
      599000 -- [-5162.623] [...19 remote chains...] -- 0:09:44
      600000 -- [-5193.552] [...19 remote chains...] -- 0:09:43

      Average standard deviation of split frequencies: 0.000000

      601000 -- [-5177.012] [...19 remote chains...] -- 0:09:41
      602000 -- [-5176.184] [...19 remote chains...] -- 0:09:40
      603000 -- [-5139.178] [...19 remote chains...] -- 0:09:38
      604000 -- [-5140.721] [...19 remote chains...] -- 0:09:37
      605000 -- [-5247.079] [...19 remote chains...] -- 0:09:35

      Average standard deviation of split frequencies: 0.000000

      606000 -- [-5230.263] [...19 remote chains...] -- 0:09:34
      607000 -- [-5213.017] [...19 remote chains...] -- 0:09:33

      Average standard deviation of split frequencies: 0.000000

      Sampling step 31 out of 50 steps...

      608000 -- [-5216.969] [...19 remote chains...] -- 0:09:31
      609000 -- [-5201.496] [...19 remote chains...] -- 0:09:30
      610000 -- [-5183.418] [...19 remote chains...] -- 0:09:29
      611000 -- [-5209.663] [...19 remote chains...] -- 0:09:27
      612000 -- [-5162.071] [...19 remote chains...] -- 0:09:26
      613000 -- [-5163.317] [...19 remote chains...] -- 0:09:25
      614000 -- [-5188.853] [...19 remote chains...] -- 0:09:23
      615000 -- [-5212.208] [...19 remote chains...] -- 0:09:22

      Average standard deviation of split frequencies: 0.000000

      616000 -- [-5225.543] [...19 remote chains...] -- 0:09:20
      617000 -- [-5183.388] [...19 remote chains...] -- 0:09:19
      618000 -- [-5211.588] [...19 remote chains...] -- 0:09:17
      619000 -- [-5171.341] [...19 remote chains...] -- 0:09:16
      620000 -- [-5222.154] [...19 remote chains...] -- 0:09:14

      Average standard deviation of split frequencies: 0.000000

      621000 -- [-5258.293] [...19 remote chains...] -- 0:09:13
      622000 -- [-5316.503] [...19 remote chains...] -- 0:09:11
      623000 -- [-5248.941] [...19 remote chains...] -- 0:09:10
      624000 -- [-5237.904] [...19 remote chains...] -- 0:09:08
      625000 -- [-5255.376] [...19 remote chains...] -- 0:09:07

      Average standard deviation of split frequencies: 0.000000

      626000 -- [-5256.061] [...19 remote chains...] -- 0:09:06
      627000 -- [-5220.809] [...19 remote chains...] -- 0:09:04

      Average standard deviation of split frequencies: 0.000000

      Sampling step 32 out of 50 steps...

      628000 -- [-5219.029] [...19 remote chains...] -- 0:09:03
      629000 -- [-5235.337] [...19 remote chains...] -- 0:09:02
      630000 -- [-5243.449] [...19 remote chains...] -- 0:09:00
      631000 -- [-5275.814] [...19 remote chains...] -- 0:08:59
      632000 -- [-5190.214] [...19 remote chains...] -- 0:08:58
      633000 -- [-5206.737] [...19 remote chains...] -- 0:08:56
      634000 -- [-5194.521] [...19 remote chains...] -- 0:08:55
      635000 -- [-5176.665] [...19 remote chains...] -- 0:08:53

      Average standard deviation of split frequencies: 0.000000

      636000 -- [-5151.332] [...19 remote chains...] -- 0:08:52
      637000 -- [-5167.405] [...19 remote chains...] -- 0:08:51
      638000 -- [-5192.009] [...19 remote chains...] -- 0:08:49
      639000 -- [-5171.885] [...19 remote chains...] -- 0:08:48
      640000 -- [-5184.429] [...19 remote chains...] -- 0:08:46

      Average standard deviation of split frequencies: 0.000000

      641000 -- [-5181.612] [...19 remote chains...] -- 0:08:45
      642000 -- [-5169.305] [...19 remote chains...] -- 0:08:43
      643000 -- [-5169.368] [...19 remote chains...] -- 0:08:42
      644000 -- [-5139.046] [...19 remote chains...] -- 0:08:40
      645000 -- [-5225.192] [...19 remote chains...] -- 0:08:39

      Average standard deviation of split frequencies: 0.000000

      646000 -- [-5165.415] [...19 remote chains...] -- 0:08:37

      Average standard deviation of split frequencies: 0.000000

      Sampling step 33 out of 50 steps...

      647000 -- [-5261.328] [...19 remote chains...] -- 0:08:36
      648000 -- [-5246.199] [...19 remote chains...] -- 0:08:34
      649000 -- [-5256.325] [...19 remote chains...] -- 0:08:33
      650000 -- [-5240.125] [...19 remote chains...] -- 0:08:32
      651000 -- [-5251.738] [...19 remote chains...] -- 0:08:30
      652000 -- [-5208.734] [...19 remote chains...] -- 0:08:29
      653000 -- [-5209.615] [...19 remote chains...] -- 0:08:27
      654000 -- [-5224.096] [...19 remote chains...] -- 0:08:26
      655000 -- [-5225.987] [...19 remote chains...] -- 0:08:25

      Average standard deviation of split frequencies: 0.000000

      656000 -- [-5281.639] [...19 remote chains...] -- 0:08:23
      657000 -- [-5330.678] [...19 remote chains...] -- 0:08:22
      658000 -- [-5312.002] [...19 remote chains...] -- 0:08:20
      659000 -- [-5337.672] [...19 remote chains...] -- 0:08:19
      660000 -- [-5264.241] [...19 remote chains...] -- 0:08:18

      Average standard deviation of split frequencies: 0.000000

      661000 -- [-5289.532] [...19 remote chains...] -- 0:08:16
      662000 -- [-5281.918] [...19 remote chains...] -- 0:08:15
      663000 -- [-5295.319] [...19 remote chains...] -- 0:08:13
      664000 -- [-5274.533] [...19 remote chains...] -- 0:08:12
      665000 -- [-5227.687] [...19 remote chains...] -- 0:08:11

      Average standard deviation of split frequencies: 0.000000

      666000 -- [-5255.967] [...19 remote chains...] -- 0:08:09

      Average standard deviation of split frequencies: 0.000000

      Sampling step 34 out of 50 steps...

      667000 -- [-5213.891] [...19 remote chains...] -- 0:08:08
      668000 -- [-5252.541] [...19 remote chains...] -- 0:08:06
      669000 -- [-5248.953] [...19 remote chains...] -- 0:08:05
      670000 -- [-5237.271] [...19 remote chains...] -- 0:08:04
      671000 -- [-5198.263] [...19 remote chains...] -- 0:08:02
      672000 -- [-5149.374] [...19 remote chains...] -- 0:08:01
      673000 -- [-5261.355] [...19 remote chains...] -- 0:07:59
      674000 -- [-5211.397] [...19 remote chains...] -- 0:07:58
      675000 -- [-5216.068] [...19 remote chains...] -- 0:07:57

      Average standard deviation of split frequencies: 0.000000

      676000 -- [-5193.022] [...19 remote chains...] -- 0:07:55
      677000 -- [-5285.274] [...19 remote chains...] -- 0:07:54
      678000 -- [-5322.636] [...19 remote chains...] -- 0:07:52
      679000 -- [-5311.164] [...19 remote chains...] -- 0:07:51
      680000 -- [-5332.816] [...19 remote chains...] -- 0:07:49

      Average standard deviation of split frequencies: 0.000000

      681000 -- [-5324.171] [...19 remote chains...] -- 0:07:48
      682000 -- [-5286.711] [...19 remote chains...] -- 0:07:47
      683000 -- [-5329.744] [...19 remote chains...] -- 0:07:45
      684000 -- [-5320.989] [...19 remote chains...] -- 0:07:44
      685000 -- [-5345.765] [...19 remote chains...] -- 0:07:42

      Average standard deviation of split frequencies: 0.000000

      686000 -- [-5326.123] [...19 remote chains...] -- 0:07:41

      Average standard deviation of split frequencies: 0.000000

      Sampling step 35 out of 50 steps...

      687000 -- [-5404.972] [...19 remote chains...] -- 0:07:39
      688000 -- [-5413.932] [...19 remote chains...] -- 0:07:38
      689000 -- [-5387.063] [...19 remote chains...] -- 0:07:37
      690000 -- [-5404.651] [...19 remote chains...] -- 0:07:35
      691000 -- [-5384.261] [...19 remote chains...] -- 0:07:34
      692000 -- [-5383.583] [...19 remote chains...] -- 0:07:32
      693000 -- [-5479.753] [...19 remote chains...] -- 0:07:31
      694000 -- [-5420.408] [...19 remote chains...] -- 0:07:30
      695000 -- [-5391.332] [...19 remote chains...] -- 0:07:28

      Average standard deviation of split frequencies: 0.000000

      696000 -- [-5416.437] [...19 remote chains...] -- 0:07:27
      697000 -- [-5419.702] [...19 remote chains...] -- 0:07:25
      698000 -- [-5406.959] [...19 remote chains...] -- 0:07:24
      699000 -- [-5367.557] [...19 remote chains...] -- 0:07:22
      700000 -- [-5400.030] [...19 remote chains...] -- 0:07:21

      Average standard deviation of split frequencies: 0.000000

      701000 -- [-5433.744] [...19 remote chains...] -- 0:07:20
      702000 -- [-5396.761] [...19 remote chains...] -- 0:07:18
      703000 -- [-5414.096] [...19 remote chains...] -- 0:07:17
      704000 -- [-5364.084] [...19 remote chains...] -- 0:07:15
      705000 -- [-5301.026] [...19 remote chains...] -- 0:07:14

      Average standard deviation of split frequencies: 0.000000


      Average standard deviation of split frequencies: 0.000000

      Sampling step 36 out of 50 steps...

      706000 -- [-5297.746] [...19 remote chains...] -- 0:07:12
      707000 -- [-5222.726] [...19 remote chains...] -- 0:07:11
      708000 -- [-5323.764] [...19 remote chains...] -- 0:07:09
      709000 -- [-5320.371] [...19 remote chains...] -- 0:07:08
      710000 -- [-5303.971] [...19 remote chains...] -- 0:07:07
      711000 -- [-5305.192] [...19 remote chains...] -- 0:07:05
      712000 -- [-5252.367] [...19 remote chains...] -- 0:07:04
      713000 -- [-5284.737] [...19 remote chains...] -- 0:07:02
      714000 -- [-5405.794] [...19 remote chains...] -- 0:07:01
      715000 -- [-5358.119] [...19 remote chains...] -- 0:06:59

      Average standard deviation of split frequencies: 0.000000

      716000 -- [-5357.967] [...19 remote chains...] -- 0:06:58
      717000 -- [-5384.244] [...19 remote chains...] -- 0:06:57
      718000 -- [-5343.670] [...19 remote chains...] -- 0:06:55
      719000 -- [-5389.764] [...19 remote chains...] -- 0:06:54
      720000 -- [-5444.514] [...19 remote chains...] -- 0:06:52

      Average standard deviation of split frequencies: 0.000000

      721000 -- [-5276.922] [...19 remote chains...] -- 0:06:51
      722000 -- [-5269.749] [...19 remote chains...] -- 0:06:50
      723000 -- [-5370.026] [...19 remote chains...] -- 0:06:48
      724000 -- [-5352.646] [...19 remote chains...] -- 0:06:47
      725000 -- [-5262.673] [...19 remote chains...] -- 0:06:45

      Average standard deviation of split frequencies: 0.000000


      Average standard deviation of split frequencies: 0.000000

      Sampling step 37 out of 50 steps...

      726000 -- [-5276.963] [...19 remote chains...] -- 0:06:44
      727000 -- [-5287.361] [...19 remote chains...] -- 0:06:43
      728000 -- [-5315.001] [...19 remote chains...] -- 0:06:41
      729000 -- [-5389.414] [...19 remote chains...] -- 0:06:40
      730000 -- [-5361.311] [...19 remote chains...] -- 0:06:38
      731000 -- [-5410.093] [...19 remote chains...] -- 0:06:37
      732000 -- [-5351.863] [...19 remote chains...] -- 0:06:35
      733000 -- [-5339.395] [...19 remote chains...] -- 0:06:34
      734000 -- [-5295.610] [...19 remote chains...] -- 0:06:32
      735000 -- [-5359.171] [...19 remote chains...] -- 0:06:31

      Average standard deviation of split frequencies: 0.000000

      736000 -- [-5335.147] [...19 remote chains...] -- 0:06:30
      737000 -- [-5274.091] [...19 remote chains...] -- 0:06:28
      738000 -- [-5321.946] [...19 remote chains...] -- 0:06:27
      739000 -- [-5324.135] [...19 remote chains...] -- 0:06:25
      740000 -- [-5278.744] [...19 remote chains...] -- 0:06:24

      Average standard deviation of split frequencies: 0.000000

      741000 -- [-5365.261] [...19 remote chains...] -- 0:06:22
      742000 -- [-5298.674] [...19 remote chains...] -- 0:06:21
      743000 -- [-5314.280] [...19 remote chains...] -- 0:06:20
      744000 -- [-5288.183] [...19 remote chains...] -- 0:06:18

      Average standard deviation of split frequencies: 0.000000

      Sampling step 38 out of 50 steps...

      745000 -- [-5411.706] [...19 remote chains...] -- 0:06:17
      746000 -- [-5298.564] [...19 remote chains...] -- 0:06:15
      747000 -- [-5257.134] [...19 remote chains...] -- 0:06:14
      748000 -- [-5268.258] [...19 remote chains...] -- 0:06:13
      749000 -- [-5239.956] [...19 remote chains...] -- 0:06:11
      750000 -- [-5343.972] [...19 remote chains...] -- 0:06:10

      Average standard deviation of split frequencies: 0.000000

      751000 -- [-5348.094] [...19 remote chains...] -- 0:06:08
      752000 -- [-5424.838] [...19 remote chains...] -- 0:06:07
      753000 -- [-5359.823] [...19 remote chains...] -- 0:06:05
      754000 -- [-5312.668] [...19 remote chains...] -- 0:06:04
      755000 -- [-5373.278] [...19 remote chains...] -- 0:06:02

      Average standard deviation of split frequencies: 0.000000

      756000 -- [-5457.348] [...19 remote chains...] -- 0:06:01
      757000 -- [-5365.389] [...19 remote chains...] -- 0:05:59
      758000 -- [-5483.407] [...19 remote chains...] -- 0:05:58
      759000 -- [-5413.794] [...19 remote chains...] -- 0:05:56
      760000 -- [-5380.802] [...19 remote chains...] -- 0:05:55

      Average standard deviation of split frequencies: 0.000000

      761000 -- [-5390.144] [...19 remote chains...] -- 0:05:54
      762000 -- [-5351.609] [...19 remote chains...] -- 0:05:52
      763000 -- [-5347.435] [...19 remote chains...] -- 0:05:51
      764000 -- [-5440.219] [...19 remote chains...] -- 0:05:50

      Average standard deviation of split frequencies: 0.000000

      Sampling step 39 out of 50 steps...

      765000 -- [-5584.021] [...19 remote chains...] -- 0:05:48
      766000 -- [-5377.723] [...19 remote chains...] -- 0:05:47
      767000 -- [-5299.869] [...19 remote chains...] -- 0:05:45
      768000 -- [-5353.022] [...19 remote chains...] -- 0:05:44
      769000 -- [-5254.561] [...19 remote chains...] -- 0:05:42
      770000 -- [-5375.143] [...19 remote chains...] -- 0:05:41

      Average standard deviation of split frequencies: 0.000000

      771000 -- [-5314.060] [...19 remote chains...] -- 0:05:39
      772000 -- [-5360.336] [...19 remote chains...] -- 0:05:38
      773000 -- [-5375.200] [...19 remote chains...] -- 0:05:37
      774000 -- [-5365.694] [...19 remote chains...] -- 0:05:35
      775000 -- [-5430.379] [...19 remote chains...] -- 0:05:34

      Average standard deviation of split frequencies: 0.000000

      776000 -- [-5491.674] [...19 remote chains...] -- 0:05:32
      777000 -- [-5400.619] [...19 remote chains...] -- 0:05:31
      778000 -- [-5442.450] [...19 remote chains...] -- 0:05:29
      779000 -- [-5521.294] [...19 remote chains...] -- 0:05:28
      780000 -- [-5423.568] [...19 remote chains...] -- 0:05:26

      Average standard deviation of split frequencies: 0.000000

      781000 -- [-5502.791] [...19 remote chains...] -- 0:05:25
      782000 -- [-5412.590] [...19 remote chains...] -- 0:05:23
      783000 -- [-5356.827] [...19 remote chains...] -- 0:05:22
      784000 -- [-5342.427] [...19 remote chains...] -- 0:05:20

      Average standard deviation of split frequencies: 0.000000

      Sampling step 40 out of 50 steps...

      785000 -- [-5355.578] [...19 remote chains...] -- 0:05:19
      786000 -- [-5506.698] [...19 remote chains...] -- 0:05:18
      787000 -- [-5562.143] [...19 remote chains...] -- 0:05:16
      788000 -- [-5506.520] [...19 remote chains...] -- 0:05:15
      789000 -- [-5429.114] [...19 remote chains...] -- 0:05:13
      790000 -- [-5471.815] [...19 remote chains...] -- 0:05:12

      Average standard deviation of split frequencies: 0.000000

      791000 -- [-5355.105] [...19 remote chains...] -- 0:05:10
      792000 -- [-5408.616] [...19 remote chains...] -- 0:05:09
      793000 -- [-5478.765] [...19 remote chains...] -- 0:05:07
      794000 -- [-5410.209] [...19 remote chains...] -- 0:05:06
      795000 -- [-5418.975] [...19 remote chains...] -- 0:05:04

      Average standard deviation of split frequencies: 0.000000

      796000 -- [-5396.674] [...19 remote chains...] -- 0:05:03
      797000 -- [-5465.945] [...19 remote chains...] -- 0:05:02
      798000 -- [-5458.209] [...19 remote chains...] -- 0:05:00
      799000 -- [-5378.526] [...19 remote chains...] -- 0:04:59
      800000 -- [-5374.094] [...19 remote chains...] -- 0:04:57

      Average standard deviation of split frequencies: 0.000000

      801000 -- [-5451.551] [...19 remote chains...] -- 0:04:56
      802000 -- [-5374.864] [...19 remote chains...] -- 0:04:54
      803000 -- [-5475.224] [...19 remote chains...] -- 0:04:53

      Average standard deviation of split frequencies: 0.000000

      Sampling step 41 out of 50 steps...

      804000 -- [-5368.031] [...19 remote chains...] -- 0:04:51
      805000 -- [-5570.045] [...19 remote chains...] -- 0:04:50
      806000 -- [-5499.953] [...19 remote chains...] -- 0:04:49
      807000 -- [-5484.258] [...19 remote chains...] -- 0:04:47
      808000 -- [-5454.019] [...19 remote chains...] -- 0:04:46
      809000 -- [-5477.733] [...19 remote chains...] -- 0:04:44
      810000 -- [-5437.246] [...19 remote chains...] -- 0:04:43

      Average standard deviation of split frequencies: 0.000000

      811000 -- [-5529.989] [...19 remote chains...] -- 0:04:41
      812000 -- [-5486.676] [...19 remote chains...] -- 0:04:40
      813000 -- [-5415.776] [...19 remote chains...] -- 0:04:38
      814000 -- [-5540.369] [...19 remote chains...] -- 0:04:37
      815000 -- [-5571.098] [...19 remote chains...] -- 0:04:35

      Average standard deviation of split frequencies: 0.000000

      816000 -- [-5495.121] [...19 remote chains...] -- 0:04:34
      817000 -- [-5426.519] [...19 remote chains...] -- 0:04:33
      818000 -- [-5560.837] [...19 remote chains...] -- 0:04:31
      819000 -- [-5386.728] [...19 remote chains...] -- 0:04:30
      820000 -- [-5386.237] [...19 remote chains...] -- 0:04:28

      Average standard deviation of split frequencies: 0.000000

      821000 -- [-5331.170] [...19 remote chains...] -- 0:04:27
      822000 -- [-5465.379] [...19 remote chains...] -- 0:04:25
      823000 -- [-5438.601] [...19 remote chains...] -- 0:04:24

      Average standard deviation of split frequencies: 0.000000

      Sampling step 42 out of 50 steps...

      824000 -- [-5492.893] [...19 remote chains...] -- 0:04:22
      825000 -- [-5489.800] [...19 remote chains...] -- 0:04:21
      826000 -- [-5522.721] [...19 remote chains...] -- 0:04:19
      827000 -- [-5516.264] [...19 remote chains...] -- 0:04:18
      828000 -- [-5598.979] [...19 remote chains...] -- 0:04:16
      829000 -- [-5771.413] [...19 remote chains...] -- 0:04:15
      830000 -- [-5720.948] [...19 remote chains...] -- 0:04:13

      Average standard deviation of split frequencies: 0.000000

      831000 -- [-5748.416] [...19 remote chains...] -- 0:04:12
      832000 -- [-5646.825] [...19 remote chains...] -- 0:04:11
      833000 -- [-5548.350] [...19 remote chains...] -- 0:04:09
      834000 -- [-5524.957] [...19 remote chains...] -- 0:04:08
      835000 -- [-5528.920] [...19 remote chains...] -- 0:04:06

      Average standard deviation of split frequencies: 0.000000

      836000 -- [-5640.777] [...19 remote chains...] -- 0:04:05
      837000 -- [-5597.685] [...19 remote chains...] -- 0:04:03
      838000 -- [-5610.981] [...19 remote chains...] -- 0:04:02
      839000 -- [-5563.608] [...19 remote chains...] -- 0:04:00
      840000 -- [-5728.165] [...19 remote chains...] -- 0:03:59

      Average standard deviation of split frequencies: 0.000000

      841000 -- [-5673.735] [...19 remote chains...] -- 0:03:57
      842000 -- [-5858.869] [...19 remote chains...] -- 0:03:56

      Average standard deviation of split frequencies: 0.000000

      Sampling step 43 out of 50 steps...

      843000 -- [-5585.388] [...19 remote chains...] -- 0:03:54
      844000 -- [-5733.351] [...19 remote chains...] -- 0:03:53
      845000 -- [-5910.573] [...19 remote chains...] -- 0:03:51
      846000 -- [-5774.484] [...19 remote chains...] -- 0:03:50
      847000 -- [-5953.359] [...19 remote chains...] -- 0:03:49
      848000 -- [-5762.202] [...19 remote chains...] -- 0:03:47
      849000 -- [-5734.645] [...19 remote chains...] -- 0:03:46
      850000 -- [-5847.467] [...19 remote chains...] -- 0:03:44

      Average standard deviation of split frequencies: 0.000000

      851000 -- [-6014.918] [...19 remote chains...] -- 0:03:43
      852000 -- [-5944.820] [...19 remote chains...] -- 0:03:41
      853000 -- [-5761.665] [...19 remote chains...] -- 0:03:40
      854000 -- [-5589.296] [...19 remote chains...] -- 0:03:38
      855000 -- [-5583.422] [...19 remote chains...] -- 0:03:37

      Average standard deviation of split frequencies: 0.000000

      856000 -- [-5635.752] [...19 remote chains...] -- 0:03:35
      857000 -- [-5711.142] [...19 remote chains...] -- 0:03:34
      858000 -- [-5631.143] [...19 remote chains...] -- 0:03:32
      859000 -- [-5504.733] [...19 remote chains...] -- 0:03:31
      860000 -- [-5828.472] [...19 remote chains...] -- 0:03:29

      Average standard deviation of split frequencies: 0.000000

      861000 -- [-5555.302] [...19 remote chains...] -- 0:03:28
      862000 -- [-5552.425] [...19 remote chains...] -- 0:03:26

      Average standard deviation of split frequencies: 0.000000

      Sampling step 44 out of 50 steps...

      863000 -- [-5581.943] [...19 remote chains...] -- 0:03:25
      864000 -- [-5896.280] [...19 remote chains...] -- 0:03:24
      865000 -- [-5658.687] [...19 remote chains...] -- 0:03:22
      866000 -- [-5986.638] [...19 remote chains...] -- 0:03:21
      867000 -- [-5836.112] [...19 remote chains...] -- 0:03:19
      868000 -- [-5594.195] [...19 remote chains...] -- 0:03:18
      869000 -- [-5591.458] [...19 remote chains...] -- 0:03:16
      870000 -- [-5677.700] [...19 remote chains...] -- 0:03:15

      Average standard deviation of split frequencies: 0.000000

      871000 -- [-5755.240] [...19 remote chains...] -- 0:03:13
      872000 -- [-6213.528] [...19 remote chains...] -- 0:03:12
      873000 -- [-5765.431] [...19 remote chains...] -- 0:03:10
      874000 -- [-5516.595] [...19 remote chains...] -- 0:03:09
      875000 -- [-5622.274] [...19 remote chains...] -- 0:03:07

      Average standard deviation of split frequencies: 0.000000

      876000 -- [-5609.753] [...19 remote chains...] -- 0:03:06
      877000 -- [-5621.825] [...19 remote chains...] -- 0:03:04
      878000 -- [-5719.539] [...19 remote chains...] -- 0:03:03
      879000 -- [-5672.497] [...19 remote chains...] -- 0:03:01
      880000 -- [-5613.169] [...19 remote chains...] -- 0:03:00

      Average standard deviation of split frequencies: 0.000000

      881000 -- [-5548.830] [...19 remote chains...] -- 0:02:58
      882000 -- [-5735.620] [...19 remote chains...] -- 0:02:57

      Average standard deviation of split frequencies: 0.000000

      Sampling step 45 out of 50 steps...

      883000 -- [-5747.689] [...19 remote chains...] -- 0:02:55
      884000 -- [-6143.252] [...19 remote chains...] -- 0:02:54
      885000 -- [-6239.457] [...19 remote chains...] -- 0:02:53
      886000 -- [-5980.333] [...19 remote chains...] -- 0:02:51
      887000 -- [-5874.580] [...19 remote chains...] -- 0:02:49
      888000 -- [-5795.859] [...19 remote chains...] -- 0:02:48
      889000 -- [-5961.491] [...19 remote chains...] -- 0:02:46
      890000 -- [-5741.268] [...19 remote chains...] -- 0:02:45

      Average standard deviation of split frequencies: 0.000000

      891000 -- [-5783.563] [...19 remote chains...] -- 0:02:44
      892000 -- [-6221.210] [...19 remote chains...] -- 0:02:42
      893000 -- [-6170.926] [...19 remote chains...] -- 0:02:41
      894000 -- [-6042.639] [...19 remote chains...] -- 0:02:39
      895000 -- [-6059.803] [...19 remote chains...] -- 0:02:38

      Average standard deviation of split frequencies: 0.000000

      896000 -- [-5699.923] [...19 remote chains...] -- 0:02:36
      897000 -- [-5651.605] [...19 remote chains...] -- 0:02:35
      898000 -- [-5694.927] [...19 remote chains...] -- 0:02:33
      899000 -- [-5913.541] [...19 remote chains...] -- 0:02:32
      900000 -- [-5698.180] [...19 remote chains...] -- 0:02:30

      Average standard deviation of split frequencies: 0.000000

      901000 -- [-5746.716] [...19 remote chains...] -- 0:02:29

      Average standard deviation of split frequencies: 0.000000

      Sampling step 46 out of 50 steps...

      902000 -- [-5616.457] [...19 remote chains...] -- 0:02:27
      903000 -- [-5762.178] [...19 remote chains...] -- 0:02:26
      904000 -- [-5795.389] [...19 remote chains...] -- 0:02:24
      905000 -- [-5758.639] [...19 remote chains...] -- 0:02:23
      906000 -- [-5647.648] [...19 remote chains...] -- 0:02:21
      907000 -- [-5639.238] [...19 remote chains...] -- 0:02:20
      908000 -- [-5822.323] [...19 remote chains...] -- 0:02:18
      909000 -- [-5823.929] [...19 remote chains...] -- 0:02:17
      910000 -- [-5997.877] [...19 remote chains...] -- 0:02:15

      Average standard deviation of split frequencies: 0.000000

      911000 -- [-6029.558] [...19 remote chains...] -- 0:02:14
      912000 -- [-5816.590] [...19 remote chains...] -- 0:02:12
      913000 -- [-5700.242] [...19 remote chains...] -- 0:02:11
      914000 -- [-6004.580] [...19 remote chains...] -- 0:02:09
      915000 -- [-6957.693] [...19 remote chains...] -- 0:02:08

      Average standard deviation of split frequencies: 0.000000

      916000 -- [-5828.800] [...19 remote chains...] -- 0:02:06
      917000 -- [-5780.927] [...19 remote chains...] -- 0:02:05
      918000 -- [-6049.516] [...19 remote chains...] -- 0:02:03
      919000 -- [-6380.330] [...19 remote chains...] -- 0:02:02
      920000 -- [-5868.876] [...19 remote chains...] -- 0:02:00

      Average standard deviation of split frequencies: 0.000000

      921000 -- [-5900.738] [...19 remote chains...] -- 0:01:59

      Average standard deviation of split frequencies: 0.000000

      Sampling step 47 out of 50 steps...

      922000 -- [-5625.945] [...19 remote chains...] -- 0:01:57
      923000 -- [-6653.536] [...19 remote chains...] -- 0:01:56
      924000 -- [-6310.301] [...19 remote chains...] -- 0:01:54
      925000 -- [-6723.334] [...19 remote chains...] -- 0:01:53
      926000 -- [-6358.684] [...19 remote chains...] -- 0:01:51
      927000 -- [-6450.067] [...19 remote chains...] -- 0:01:50
      928000 -- [-6704.048] [...19 remote chains...] -- 0:01:48
      929000 -- [-6077.360] [...19 remote chains...] -- 0:01:47
      930000 -- [-5935.873] [...19 remote chains...] -- 0:01:45

      Average standard deviation of split frequencies: 0.000000

      931000 -- [-5751.142] [...19 remote chains...] -- 0:01:44
      932000 -- [-5934.508] [...19 remote chains...] -- 0:01:42
      933000 -- [-6515.936] [...19 remote chains...] -- 0:01:41
      934000 -- [-6071.783] [...19 remote chains...] -- 0:01:39
      935000 -- [-5716.111] [...19 remote chains...] -- 0:01:38

      Average standard deviation of split frequencies: 0.000000

      936000 -- [-5678.762] [...19 remote chains...] -- 0:01:36
      937000 -- [-5596.757] [...19 remote chains...] -- 0:01:35
      938000 -- [-5678.962] [...19 remote chains...] -- 0:01:33
      939000 -- [-5537.871] [...19 remote chains...] -- 0:01:32
      940000 -- [-5789.542] [...19 remote chains...] -- 0:01:30

      Average standard deviation of split frequencies: 0.000000


      Average standard deviation of split frequencies: 0.000000

      Sampling step 48 out of 50 steps...

      941000 -- [-5636.420] [...19 remote chains...] -- 0:01:29
      942000 -- [-5844.680] [...19 remote chains...] -- 0:01:27
      943000 -- [-5683.153] [...19 remote chains...] -- 0:01:26
      944000 -- [-5923.501] [...19 remote chains...] -- 0:01:24
      945000 -- [-6103.311] [...19 remote chains...] -- 0:01:23
      946000 -- [-5926.292] [...19 remote chains...] -- 0:01:21
      947000 -- [-5964.102] [...19 remote chains...] -- 0:01:20
      948000 -- [-5972.210] [...19 remote chains...] -- 0:01:18
      949000 -- [-5878.793] [...19 remote chains...] -- 0:01:17
      950000 -- [-5773.823] [...19 remote chains...] -- 0:01:15

      Average standard deviation of split frequencies: 0.000000

      951000 -- [-6600.134] [...19 remote chains...] -- 0:01:14
      952000 -- [-6416.040] [...19 remote chains...] -- 0:01:12
      953000 -- [-5878.752] [...19 remote chains...] -- 0:01:11
      954000 -- [-6117.046] [...19 remote chains...] -- 0:01:09
      955000 -- [-5915.521] [...19 remote chains...] -- 0:01:07

      Average standard deviation of split frequencies: 0.000000

      956000 -- [-5860.795] [...19 remote chains...] -- 0:01:06
      957000 -- [-6075.892] [...19 remote chains...] -- 0:01:04
      958000 -- [-6054.954] [...19 remote chains...] -- 0:01:03
      959000 -- [-6795.493] [...19 remote chains...] -- 0:01:01
      960000 -- [-6542.370] [...19 remote chains...] -- 0:01:00

      Average standard deviation of split frequencies: 0.000000


      Average standard deviation of split frequencies: 0.000000

      Sampling step 49 out of 50 steps...

      961000 -- [-6080.513] [...19 remote chains...] -- 0:00:58
      962000 -- [-6548.246] [...19 remote chains...] -- 0:00:57
      963000 -- [-6713.635] [...19 remote chains...] -- 0:00:55
      964000 -- [-6317.681] [...19 remote chains...] -- 0:00:54
      965000 -- [-6376.814] [...19 remote chains...] -- 0:00:52
      966000 -- [-6255.464] [...19 remote chains...] -- 0:00:51
      967000 -- [-6385.353] [...19 remote chains...] -- 0:00:49
      968000 -- [-5944.947] [...19 remote chains...] -- 0:00:48
      969000 -- [-5964.997] [...19 remote chains...] -- 0:00:46
      970000 -- [-6081.767] [...19 remote chains...] -- 0:00:45

      Average standard deviation of split frequencies: 0.000000

      971000 -- [-6204.966] [...19 remote chains...] -- 0:00:43
      972000 -- [-5960.096] [...19 remote chains...] -- 0:00:42
      973000 -- [-5917.950] [...19 remote chains...] -- 0:00:40
      974000 -- [-6221.428] [...19 remote chains...] -- 0:00:39
      975000 -- [-6196.181] [...19 remote chains...] -- 0:00:37

      Average standard deviation of split frequencies: 0.000000

      976000 -- [-6257.440] [...19 remote chains...] -- 0:00:36
      977000 -- [-7800.780] [...19 remote chains...] -- 0:00:34
      978000 -- [-6768.053] [...19 remote chains...] -- 0:00:33
      979000 -- [-7433.561] [...19 remote chains...] -- 0:00:31
      980000 -- [-8964.895] [...19 remote chains...] -- 0:00:30

      Average standard deviation of split frequencies: 0.000000

      Sampling step 50 out of 50 steps...

      981000 -- [-12827.365] [...19 remote chains...] -- 0:00:28
      982000 -- [-13878.887] [...19 remote chains...] -- 0:00:26
      983000 -- [-17706.277] [...19 remote chains...] -- 0:00:25
      984000 -- [-15714.979] [...19 remote chains...] -- 0:00:23
      985000 -- [-15971.180] [...19 remote chains...] -- 0:00:22

      Average standard deviation of split frequencies: 0.000000

      986000 -- [-15826.159] [...19 remote chains...] -- 0:00:20
      987000 -- [-16695.364] [...19 remote chains...] -- 0:00:19
      988000 -- [-10661.365] [...19 remote chains...] -- 0:00:17
      989000 -- [-10507.714] [...19 remote chains...] -- 0:00:16
      990000 -- [-12627.737] [...19 remote chains...] -- 0:00:14

      Average standard deviation of split frequencies: 0.000000

      991000 -- [-6867.303] [...19 remote chains...] -- 0:00:13
      992000 -- [-8057.173] [...19 remote chains...] -- 0:00:11
      993000 -- [-6467.948] [...19 remote chains...] -- 0:00:10
      994000 -- [-6303.836] [...19 remote chains...] -- 0:00:08
      995000 -- [-8187.423] [...19 remote chains...] -- 0:00:07

      Average standard deviation of split frequencies: 0.000000

      996000 -- [-6504.100] [...19 remote chains...] -- 0:00:05
      997000 -- [-6170.025] [...19 remote chains...] -- 0:00:03
      998000 -- [-6115.587] [...19 remote chains...] -- 0:00:02
      999000 -- [-6384.290] [...19 remote chains...] -- 0:00:00

      Average standard deviation of split frequencies: 0.000000

      Analysis completed in 25 mins 37 seconds
      Analysis used 1456.85 seconds of CPU time on processor 0
      Likelihood of best state for "cold" chain of run 1 was -4917.38
      Likelihood of best state for "cold" chain of run 2 was -4916.19
      Likelihood of best state for "cold" chain of run 3 was -4915.68
      Likelihood of best state for "cold" chain of run 4 was -4906.79
      Likelihood of best state for "cold" chain of run 5 was -4912.76

      Marginal likelihood (in natural log units) estimated using stepping-stone sampling based on
      50 steps with 19600 generations (196 samples) within each step. 

          Run   Marginal likelihood (ln)
          ------------------------------
            1     -5028.81   
            2     -5015.34   
            3     -5017.27   
            4     -5014.28   
            5     -5010.97   
          ------------------------------
          Mean:   -5012.53

      More statistics on stepping-stone sampling is dumped to alignment_and_trees.nexus.ss file.

   Plot of average standard deviation of split frequencies across steps.
   Points at -1.0 (y-axis) indicate that there were no splits
   above minimum frequency for corresponding step.
   +------------------------------------------------------------+ 0.000
   |                                                            |
   |                                                            |
   |                                                            |
   |                                                            |
   |                                                            |
   |                                                            |
   |                                                            |
   |                                                            |
   |                                                            |
   |                                                            |
   |                                                            |
   |                                                            |
   |                                                            |
   |                                                            |
   |***** **** ***** **** ***** **** ***** **** ***** **** *****|
   +------+-----+-----+-----+-----+-----+-----+-----+-----+-----+ 0.000
   ^                                                            ^
   1                                                           50


      Acceptance rates for the moves in the "cold" chain of run 1:
         With prob.   (last 100)   chain accepted proposals by move
            31.6 %     ( 31 %)     Dirichlet(Ratemultiplier{all})
            94.2 %     (100 %)     Slider(Ratemultiplier{all})
             1.5 %     (  4 %)     AddBranch(V{all})
             1.5 %     (  0 %)     DelBranch(V{all})
            72.8 %     ( 76 %)     NodesliderClock(V{all})
            26.1 %     ( 27 %)     TreeStretch(V{all})
            48.6 %     ( 27 %)     Multiplier(Net_speciation{all})
            25.3 %     ( 31 %)     Slider(Relative_extinction{all})
            23.9 %     ( 30 %)     Slider(Relative_fossilization{all})
            66.2 %     ( 29 %)     Multiplier(TK02var{all})
            29.2 %     ( 22 %)     Multiplier(TK02Brlens{all})
            28.4 %     ( 24 %)     Multiplier(Clockrate{all})

      Acceptance rates for the moves in the "cold" chain of run 2:
         With prob.   (last 100)   chain accepted proposals by move
            31.7 %     ( 38 %)     Dirichlet(Ratemultiplier{all})
            94.8 %     (100 %)     Slider(Ratemultiplier{all})
             1.8 %     (  5 %)     AddBranch(V{all})
             1.8 %     (  1 %)     DelBranch(V{all})
            38.5 %     ( 56 %)     NodesliderClock(V{all})
             0.0 %     (  0 %)     TreeStretch(V{all})
            44.1 %     ( 21 %)     Multiplier(Net_speciation{all})
            35.2 %     ( 16 %)     Slider(Relative_extinction{all})
            28.2 %     ( 17 %)     Slider(Relative_fossilization{all})
            66.5 %     ( 32 %)     Multiplier(TK02var{all})
            29.2 %     ( 25 %)     Multiplier(TK02Brlens{all})
            27.7 %     ( 33 %)     Multiplier(Clockrate{all})

      Acceptance rates for the moves in the "cold" chain of run 3:
         With prob.   (last 100)   chain accepted proposals by move
            33.2 %     ( 23 %)     Dirichlet(Ratemultiplier{all})
            94.8 %     (100 %)     Slider(Ratemultiplier{all})
             2.7 %     (  9 %)     AddBranch(V{all})
             2.7 %     ( 12 %)     DelBranch(V{all})
            44.9 %     ( 70 %)     NodesliderClock(V{all})
             0.0 %     (  0 %)     TreeStretch(V{all})
            43.4 %     ( 20 %)     Multiplier(Net_speciation{all})
            37.0 %     ( 38 %)     Slider(Relative_extinction{all})
            27.8 %     ( 31 %)     Slider(Relative_fossilization{all})
            66.3 %     ( 30 %)     Multiplier(TK02var{all})
            29.8 %     ( 31 %)     Multiplier(TK02Brlens{all})
            27.8 %     ( 19 %)     Multiplier(Clockrate{all})

      Acceptance rates for the moves in the "cold" chain of run 4:
         With prob.   (last 100)   chain accepted proposals by move
            33.9 %     ( 55 %)     Dirichlet(Ratemultiplier{all})
            94.5 %     (100 %)     Slider(Ratemultiplier{all})
             2.3 %     (  7 %)     AddBranch(V{all})
             2.3 %     (  5 %)     DelBranch(V{all})
            35.9 %     ( 48 %)     NodesliderClock(V{all})
             0.0 %     (  0 %)     TreeStretch(V{all})
            43.9 %     ( 22 %)     Multiplier(Net_speciation{all})
            35.2 %     ( 19 %)     Slider(Relative_extinction{all})
            28.3 %     ( 17 %)     Slider(Relative_fossilization{all})
            66.0 %     ( 29 %)     Multiplier(TK02var{all})
            29.5 %     ( 17 %)     Multiplier(TK02Brlens{all})
            27.6 %     ( 29 %)     Multiplier(Clockrate{all})

      Acceptance rates for the moves in the "cold" chain of run 5:
         With prob.   (last 100)   chain accepted proposals by move
            32.8 %     ( 24 %)     Dirichlet(Ratemultiplier{all})
            94.3 %     (100 %)     Slider(Ratemultiplier{all})
             1.3 %     (  4 %)     AddBranch(V{all})
             1.3 %     (  3 %)     DelBranch(V{all})
            34.6 %     ( 45 %)     NodesliderClock(V{all})
             0.0 %     (  0 %)     TreeStretch(V{all})
            43.6 %     ( 23 %)     Multiplier(Net_speciation{all})
            35.7 %     ( 14 %)     Slider(Relative_extinction{all})
            29.8 %     ( 11 %)     Slider(Relative_fossilization{all})
            65.4 %     ( 30 %)     Multiplier(TK02var{all})
            28.0 %     ( 28 %)     Multiplier(TK02Brlens{all})
            27.5 %     ( 31 %)     Multiplier(Clockrate{all})

      Chain swap information for run 1:

                   1       2       3       4 
           ----------------------------------
         1 |            0.00    0.00    0.00 
         2 |  166761            0.00    0.00 
         3 |  166372  166219            0.00 
         4 |  166537  166500  167211         

      Chain swap information for run 2:

                   1       2       3       4 
           ----------------------------------
         1 |            0.00    0.00    0.00 
         2 |  166734            0.00    0.00 
         3 |  166477  166418            0.00 
         4 |  166649  166699  166623         

      Chain swap information for run 3:

                   1       2       3       4 
           ----------------------------------
         1 |            0.00    0.00    0.00 
         2 |  166480            0.00    0.00 
         3 |  166711  166894            0.00 
         4 |  166629  166006  166880         

      Chain swap information for run 4:

                   1       2       3       4 
           ----------------------------------
         1 |            0.00    0.00    0.00 
         2 |  166776            0.00    0.00 
         3 |  165917  167027            0.00 
         4 |  166457  166920  166503         

      Chain swap information for run 5:

                   1       2       3       4 
           ----------------------------------
         1 |            0.00    0.00    0.00 
         2 |  165761            0.00    0.00 
         3 |  166243  166789            0.00 
         4 |  167276  166938  166593         

      Upper diagonal: Proportion of successful state exchanges between chains
      Lower diagonal: Number of attempted state exchanges between chains

      Chain information:

        ID -- Heat 
       -----------
         1 -- 1.00  (cold chain)
         2 -- 0.91 
         3 -- 0.83 
         4 -- 0.77 

      Heat = 1 / (1 + T * (ID - 1))
         (where T = 0.10 is the temperature and ID is the chain number)

